-- phpMyAdmin SQL Dump
-- version 5.1.1
-- https://www.phpmyadmin.net/
--
-- Máy chủ: 127.0.0.1
-- Thời gian đã tạo: Th5 09, 2022 lúc 06:33 AM
-- Phiên bản máy phục vụ: 10.4.22-MariaDB
-- Phiên bản PHP: 7.4.27

SET SQL_MODE = "NO_AUTO_VALUE_ON_ZERO";
START TRANSACTION;
SET time_zone = "+00:00";


/*!40101 SET @OLD_CHARACTER_SET_CLIENT=@@CHARACTER_SET_CLIENT */;
/*!40101 SET @OLD_CHARACTER_SET_RESULTS=@@CHARACTER_SET_RESULTS */;
/*!40101 SET @OLD_COLLATION_CONNECTION=@@COLLATION_CONNECTION */;
/*!40101 SET NAMES utf8mb4 */;

--
-- Cơ sở dữ liệu: `db_kinh`
--

-- --------------------------------------------------------

--
-- Cấu trúc bảng cho bảng `category`
--

CREATE TABLE `category` (
  `id` int(11) NOT NULL,
  `name` varchar(100) COLLATE utf8mb4_unicode_ci NOT NULL
) ENGINE=InnoDB DEFAULT CHARSET=utf8mb4 COLLATE=utf8mb4_unicode_ci;

--
-- Đang đổ dữ liệu cho bảng `category`
--

INSERT INTO `category` (`id`, `name`) VALUES
(1, 'Kính Nữ'),
(2, 'Kính Nam'),
(21, 'Kính Trẻ Em');

-- --------------------------------------------------------

--
-- Cấu trúc bảng cho bảng `feedback`
--

CREATE TABLE `feedback` (
  `id` int(11) NOT NULL,
  `firstname` varchar(30) COLLATE utf8mb4_unicode_ci DEFAULT NULL,
  `lastname` varchar(30) COLLATE utf8mb4_unicode_ci DEFAULT NULL,
  `email` varchar(150) COLLATE utf8mb4_unicode_ci DEFAULT NULL,
  `phone_number` varchar(20) COLLATE utf8mb4_unicode_ci DEFAULT NULL,
  `subject_name` varchar(200) COLLATE utf8mb4_unicode_ci DEFAULT NULL,
  `note` varchar(500) COLLATE utf8mb4_unicode_ci DEFAULT NULL,
  `created_at` datetime DEFAULT NULL,
  `updated_at` datetime DEFAULT NULL,
  `status` int(11) DEFAULT 0
) ENGINE=InnoDB DEFAULT CHARSET=utf8mb4 COLLATE=utf8mb4_unicode_ci;

--
-- Đang đổ dữ liệu cho bảng `feedback`
--

INSERT INTO `feedback` (`id`, `firstname`, `lastname`, `email`, `phone_number`, `subject_name`, `note`, `created_at`, `updated_at`, `status`) VALUES
(1, 'Trình', 'Phạm Quốc', 'trinhjerry01@gmail.com', '0914216862', 'Chủ đề 1', 'Kính rất đẹp', '2022-04-06 18:27:17', '2022-04-06 18:28:08', 1);

-- --------------------------------------------------------

--
-- Cấu trúc bảng cho bảng `galery`
--

CREATE TABLE `galery` (
  `id` int(11) NOT NULL,
  `product_id` int(11) DEFAULT NULL,
  `thumbnail` varchar(500) COLLATE utf8mb4_unicode_ci NOT NULL
) ENGINE=InnoDB DEFAULT CHARSET=utf8mb4 COLLATE=utf8mb4_unicode_ci;

-- --------------------------------------------------------

--
-- Cấu trúc bảng cho bảng `orders`
--

CREATE TABLE `orders` (
  `id` int(11) NOT NULL,
  `user_id` int(11) DEFAULT NULL,
  `fullname` varchar(50) COLLATE utf8mb4_unicode_ci DEFAULT NULL,
  `email` varchar(150) COLLATE utf8mb4_unicode_ci DEFAULT NULL,
  `phone_number` varchar(20) COLLATE utf8mb4_unicode_ci DEFAULT NULL,
  `address` varchar(200) COLLATE utf8mb4_unicode_ci DEFAULT NULL,
  `note` varchar(255) COLLATE utf8mb4_unicode_ci DEFAULT NULL,
  `order_date` datetime DEFAULT NULL,
  `status` int(11) DEFAULT NULL,
  `total_money` int(11) DEFAULT NULL
) ENGINE=InnoDB DEFAULT CHARSET=utf8mb4 COLLATE=utf8mb4_unicode_ci;

--
-- Đang đổ dữ liệu cho bảng `orders`
--

INSERT INTO `orders` (`id`, `user_id`, `fullname`, `email`, `phone_number`, `address`, `note`, `order_date`, `status`, `total_money`) VALUES
(1, 2, 'Phạm quốc trình', 'trinhjerry01@gmail.com', '0914216862', 'Đông Anh,Hà Nội', 'abcdefgh', '2022-04-07 02:12:14', 0, 2),
(4, 1, 'Phạm Quốc Trình', 'trinhjerry0810@gmail.com', '0914216862', 'Hà Nội', '', '2022-05-05 04:14:09', 0, 1500000);

-- --------------------------------------------------------

--
-- Cấu trúc bảng cho bảng `order_details`
--

CREATE TABLE `order_details` (
  `id` int(11) NOT NULL,
  `order_id` int(11) DEFAULT NULL,
  `product_id` int(11) DEFAULT NULL,
  `price` int(11) DEFAULT NULL,
  `num` int(11) DEFAULT NULL,
  `total_money` int(11) DEFAULT NULL
) ENGINE=InnoDB DEFAULT CHARSET=utf8mb4 COLLATE=utf8mb4_unicode_ci;

--
-- Đang đổ dữ liệu cho bảng `order_details`
--

INSERT INTO `order_details` (`id`, `order_id`, `product_id`, `price`, `num`, `total_money`) VALUES
(7, 1, 17, 950000, 2, 1900000),
(8, 4, 18, 1500000, 1, 1500000);

-- --------------------------------------------------------

--
-- Cấu trúc bảng cho bảng `product`
--

CREATE TABLE `product` (
  `id` int(11) NOT NULL,
  `category_id` int(11) DEFAULT NULL,
  `title` varchar(350) COLLATE utf8mb4_unicode_ci DEFAULT NULL,
  `price` int(11) DEFAULT NULL,
  `discount` int(11) DEFAULT NULL,
  `thumbnail` varchar(500) COLLATE utf8mb4_unicode_ci DEFAULT NULL,
  `description` longtext COLLATE utf8mb4_unicode_ci DEFAULT NULL,
  `created_at` datetime DEFAULT NULL,
  `updated_at` datetime DEFAULT NULL,
  `deleted` int(11) DEFAULT NULL
) ENGINE=InnoDB DEFAULT CHARSET=utf8mb4 COLLATE=utf8mb4_unicode_ci;

--
-- Đang đổ dữ liệu cho bảng `product`
--

INSERT INTO `product` (`id`, `category_id`, `title`, `price`, `discount`, `thumbnail`, `description`, `created_at`, `updated_at`, `deleted`) VALUES
(1, 2, 'Kính Dior-Depth-01-TCPY1', 650000, 600000, 'assets/photos/DIORDEPTH01 TCPY1 52.2.jpg', '<h2 style=\"margin: 10px; padding: 0px; font-size: 18pt; color: rgb(0, 0, 0); font-family: Lato, Arial; background-color: rgb(243, 244, 246);\"><span style=\"margin: 0px; padding: 0px; font-size: 18pt;\"><span style=\"margin: 0px; padding: 0px; font-weight: 700;\">Đặc điểm nổi bật của sản phẩm</span></span></h2><ol style=\"margin-right: 0px; margin-bottom: 0px; margin-left: 0px; padding: 0px 0px 0px 1.5em; list-style-position: initial; list-style-image: initial; color: rgb(68, 68, 68); font-family: Lato, Arial; font-size: 16px; background-color: rgb(243, 244, 246);\"><li style=\"margin: 0px; padding: 0px;\">Thiết kế hiện đại, trẻ trung.</li><li style=\"margin: 0px; padding: 0px;\">Form dáng thời trang, hợp xu hướng.</li><li style=\"margin: 0px; padding: 0px;\">Chống bụi, chống nắng, loại bỏ hoàn toàn tia UV (cực tím).</li><li style=\"margin: 0px; padding: 0px;\">Gọng kính làm bằng chất liệu cao cấp.</li></ol><h2 style=\"margin: 10px; padding: 0px; font-size: 18pt; color: rgb(0, 0, 0); font-family: Lato, Arial; background-color: rgb(243, 244, 246);\"><span style=\"margin: 0px; padding: 0px; font-size: 18pt;\"><span style=\"margin: 0px; padding: 0px; font-weight: 700;\">Về mẫu mã</span></span></h2><ul style=\"margin-right: 0px; margin-bottom: 0px; margin-left: 0px; padding: 0px 0px 0px 1.5em; list-style-position: initial; list-style-image: initial; color: rgb(68, 68, 68); font-family: Lato, Arial; font-size: 16px; background-color: rgb(243, 244, 246);\"><li style=\"margin: 0px; padding: 0px;\">Đẹp &amp; Đa dạng, giúp khách hàng dễ dàng lựa chọn được sản phẩm ưng ý.</li><li style=\"margin: 0px; padding: 0px;\">Luôn cập nhật mẫu mới, phong phú, phù hợp với nhiều đối tượng, nhiều lứa tuổi khác nhau.</li></ul><p> </p>', '2021-10-22 14:03:21', '2022-04-06 17:09:00', 0),
(17, 2, 'Kính Gucci GC-06', 1000000, 950000, 'assets/photos/gucci gc 06.jpg', '<h2 style=\"margin: 10px; padding: 0px; font-size: 18pt; color: rgb(0, 0, 0); font-family: Lato, Arial; background-color: rgb(243, 244, 246);\"><span style=\"margin: 0px; padding: 0px; font-size: 18pt;\"><span style=\"margin: 0px; padding: 0px; font-weight: 700;\">Đặc điểm nổi bật của sản phẩm</span></span></h2><ol style=\"margin-right: 0px; margin-bottom: 0px; margin-left: 0px; padding: 0px 0px 0px 1.5em; list-style-position: initial; list-style-image: initial; color: rgb(68, 68, 68); font-family: Lato, Arial; font-size: 16px; background-color: rgb(243, 244, 246);\"><li style=\"margin: 0px; padding: 0px;\">Thiết kế hiện đại, trẻ trung.</li><li style=\"margin: 0px; padding: 0px;\">Form dáng thời trang, hợp xu hướng.</li><li style=\"margin: 0px; padding: 0px;\">Chống bụi, chống nắng, loại bỏ hoàn toàn tia UV (cực tím).</li><li style=\"margin: 0px; padding: 0px;\">Gọng kính làm bằng chất liệu cao cấp.</li></ol><h2 style=\"margin: 10px; padding: 0px; font-size: 18pt; color: rgb(0, 0, 0); font-family: Lato, Arial; background-color: rgb(243, 244, 246);\"><span style=\"margin: 0px; padding: 0px; font-size: 18pt;\"><span style=\"margin: 0px; padding: 0px; font-weight: 700;\">Về mẫu mã</span></span></h2><ul style=\"margin-right: 0px; margin-bottom: 0px; margin-left: 0px; padding: 0px 0px 0px 1.5em; list-style-position: initial; list-style-image: initial; color: rgb(68, 68, 68); font-family: Lato, Arial; font-size: 16px; background-color: rgb(243, 244, 246);\"><li style=\"margin: 0px; padding: 0px;\">Đẹp &amp; Đa dạng, giúp khách hàng dễ dàng lựa chọn được sản phẩm ưng ý.</li><li style=\"margin: 0px; padding: 0px;\">Luôn cập nhật mẫu mới, phong phú, phù hợp với nhiều đối tượng, nhiều lứa tuổi khác nhau.</li></ul>', '2022-04-06 17:47:04', '2022-04-06 17:47:04', 0),
(18, 2, 'Kính Gucci Green Aviator', 2000000, 1500000, 'assets/photos/gucci green aviator.jpg', '<h2 style=\"margin: 10px; padding: 0px; font-size: 18pt; color: rgb(0, 0, 0); font-family: Lato, Arial; background-color: rgb(243, 244, 246);\"><span style=\"margin: 0px; padding: 0px; font-size: 18pt;\"><span style=\"margin: 0px; padding: 0px; font-weight: 700;\">Đặc điểm nổi bật của sản phẩm</span></span></h2><ol style=\"margin-right: 0px; margin-bottom: 0px; margin-left: 0px; padding: 0px 0px 0px 1.5em; list-style-position: initial; list-style-image: initial; color: rgb(68, 68, 68); font-family: Lato, Arial; font-size: 16px; background-color: rgb(243, 244, 246);\"><li style=\"margin: 0px; padding: 0px;\">Thiết kế hiện đại, trẻ trung.</li><li style=\"margin: 0px; padding: 0px;\">Form dáng thời trang, hợp xu hướng.</li><li style=\"margin: 0px; padding: 0px;\">Chống bụi, chống nắng, loại bỏ hoàn toàn tia UV (cực tím).</li><li style=\"margin: 0px; padding: 0px;\">Gọng kính làm bằng chất liệu cao cấp.</li></ol><h2 style=\"margin: 10px; padding: 0px; font-size: 18pt; color: rgb(0, 0, 0); font-family: Lato, Arial; background-color: rgb(243, 244, 246);\"><span style=\"margin: 0px; padding: 0px; font-size: 18pt;\"><span style=\"margin: 0px; padding: 0px; font-weight: 700;\">Về mẫu mã</span></span></h2><ul style=\"margin-right: 0px; margin-bottom: 0px; margin-left: 0px; padding: 0px 0px 0px 1.5em; list-style-position: initial; list-style-image: initial; color: rgb(68, 68, 68); font-family: Lato, Arial; font-size: 16px; background-color: rgb(243, 244, 246);\"><li style=\"margin: 0px; padding: 0px;\">Đẹp &amp; Đa dạng, giúp khách hàng dễ dàng lựa chọn được sản phẩm ưng ý.</li><li style=\"margin: 0px; padding: 0px;\">Luôn cập nhật mẫu mới, phong phú, phù hợp với nhiều đối tượng, nhiều lứa tuổi khác nhau.</li></ul>', '2022-04-06 17:40:06', '2022-04-06 17:40:06', 0),
(19, 2, 'Kính Gucci GG0697S-001', 500000, 450000, 'assets/photos/gucci-GG0697S-001-55x480x320.jpg', '<p style=\"margin: 10px 0px; padding: 0px; color: rgb(68, 68, 68); font-family: Lato, Arial; font-size: 16px; background-color: rgb(243, 244, 246); text-align: justify;\">Thiết kế hiện đại, trẻ trung với form dáng thời trang hợp xu hướng. Kính không chỉ mang đến vẻ đẹp thẩm mỹ mà còn có hỗ trợ giảm bụi, hỗ trợ giảm nắng và tia UV đối với mắt.</p><p style=\"margin: 10px 0px; padding: 0px; color: rgb(68, 68, 68); font-family: Lato, Arial; font-size: 16px; background-color: rgb(243, 244, 246); text-align: justify;\">Gọng kính được làm bằng chất liệu cao cấp và thiết kế độc đáo, đem đến vẻ đẹp mới lạ cho người dùng. Đây là một trong những mẫu kính mát của Dior đang được tín đồ thời trang yêu thích.</p>', '2022-04-06 17:04:09', '2022-04-06 17:04:09', 0),
(20, 2, 'Kính Burbery B3094-Màu nâu', 1000000, 650000, 'assets/photos/kinh-mat-burberry-mau-nau-b3094-1145-2o.jpg', '<p style=\"margin: 10px 0px; padding: 0px; color: rgb(68, 68, 68); font-family: Lato, Arial; font-size: 16px; background-color: rgb(243, 244, 246); text-align: justify;\">Thiết kế hiện đại, trẻ trung với form dáng thời trang hợp xu hướng. Kính không chỉ mang đến vẻ đẹp thẩm mỹ mà còn có hỗ trợ giảm bụi, hỗ trợ giảm nắng và tia UV đối với mắt.</p><p style=\"margin: 10px 0px; padding: 0px; color: rgb(68, 68, 68); font-family: Lato, Arial; font-size: 16px; background-color: rgb(243, 244, 246); text-align: justify;\">Gọng kính được làm bằng chất liệu cao cấp và thiết kế độc đáo, đem đến vẻ đẹp mới lạ cho người dùng. Đây là một trong những mẫu kính mát của Dior đang được tín đồ thời trang yêu thích.</p>', '2022-04-06 17:33:10', '2022-04-06 17:33:10', 0),
(21, 2, 'Kính Mát Burberry Metal Sunglasses With B Monogram Màu Đen', 1200000, 999999, 'assets/photos/kinh-mat-burberry-metal-sunglasses-with-b-monogram.jpg', '<p style=\"margin: 10px 0px; padding: 0px; color: rgb(68, 68, 68); font-family: Lato, Arial; font-size: 16px; background-color: rgb(243, 244, 246);\"><span style=\"margin: 0px; padding: 0px; font-weight: 700;\">Kính Mát Burberry Metal Sunglasses With B Monogram Màu Đen</span>&nbsp;được thiết kế hiện đại, trẻ trung với form dáng thời trang hợp xu hướng. Kính không chỉ mang đến vẻ đẹp thẩm mỹ mà còn có khả năng chống bụi, chống nắng và loại bỏ hoàn toàn tia UV.</p><p style=\"margin: 10px 0px; padding: 0px; color: rgb(68, 68, 68); font-family: Lato, Arial; font-size: 16px; background-color: rgb(243, 244, 246);\">Size kính: Cầu kính 17mm, chiều dài gọng 140mm.</p>', '2022-04-06 17:56:12', '2022-04-06 17:56:12', 0),
(22, 2, 'Kính Mát Dolce & Gabbana DG2233 01 87 Màu Đen', 7980000, 1000000, 'assets/photos/kinh-mat-dolce-gabbana-dg2233.jpg', '<p style=\"margin: 10px 0px; padding: 0px; color: rgb(68, 68, 68); font-family: Lato, Arial; font-size: 16px; background-color: rgb(243, 244, 246); text-align: justify;\">-<span style=\"margin: 0px; padding: 0px; font-weight: 700;\">&nbsp;Kính Mát Dolce &amp; Gabbana DG2233 01 87&nbsp;</span>có khả năng hỗ trợ loại bỏ ánh sáng chói, tăng độ chân thực của hình ảnh và tăng cường độ tương phản. Đồng thời, chiếc kính cao cấp này còn có khả năng hỗ trợ giảm căng thẳng cho mắt.</p><p style=\"margin: 10px 0px; padding: 0px; color: rgb(68, 68, 68); font-family: Lato, Arial; font-size: 16px; background-color: rgb(243, 244, 246); text-align: justify;\">- Hỗ trợ làm giảm tia UV, bảo vệ đôi mắt tránh khỏi những tác động xấu của ánh sáng mặt trời.</p><p style=\"margin: 10px 0px; padding: 0px; color: rgb(68, 68, 68); font-family: Lato, Arial; font-size: 16px; background-color: rgb(243, 244, 246); text-align: justify;\">- Form dáng thời trang hợp xu hướng. Gọng kính chắc chắn làm bằng chất nhựa cao cấp.</p><p style=\"margin: 10px 0px; padding: 0px; color: rgb(68, 68, 68); font-family: Lato, Arial; font-size: 16px; background-color: rgb(243, 244, 246); text-align: justify;\">- Màu sắc kính đơn giản dễ dàng kết hợp với nhiều trang phục khác nhau.</p><p style=\"margin: 10px 0px; padding: 0px; color: rgb(68, 68, 68); font-family: Lato, Arial; font-size: 16px; background-color: rgb(243, 244, 246); text-align: justify;\">- Size kính: Độ rộng tròng 43 mm, chiều dài gọng 145 mm.</p>', '2022-04-06 17:48:14', '2022-04-06 17:48:14', 0),
(23, 2, 'Kính Mát Dolce & Gabbana DG6125 501 / M Màu Đen', 4500000, 2000000, 'assets/photos/kinh-mat-dolce-gabbana-dg6125-501.jpg', '<p style=\"margin: 10px 0px; padding: 0px; color: rgb(68, 68, 68); font-family: Lato, Arial; font-size: 16px; background-color: rgb(243, 244, 246); text-align: justify;\">-<span style=\"margin: 0px; padding: 0px; font-weight: 700;\">&nbsp;Kính Mát Dolce &amp; Gabbana DG6125 501 / M&nbsp;</span>có khả năng hỗ trợ loại bỏ ánh sáng chói, tăng độ chân thực của hình ảnh và tăng cường độ tương phản. Đồng thời, chiếc kính cao cấp này còn có khả năng hỗ trợ giảm căng thẳng cho mắt.</p><p style=\"margin: 10px 0px; padding: 0px; color: rgb(68, 68, 68); font-family: Lato, Arial; font-size: 16px; background-color: rgb(243, 244, 246); text-align: justify;\">- Hỗ trợ làm giảm tia UV, bảo vệ đôi mắt tránh khỏi những tác động xấu của ánh sáng mặt trời.</p><p style=\"margin: 10px 0px; padding: 0px; color: rgb(68, 68, 68); font-family: Lato, Arial; font-size: 16px; background-color: rgb(243, 244, 246); text-align: justify;\">- Form dáng thời trang hợp xu hướng. Gọng kính chắc chắn làm bằng chất nhựa cao cấp.</p><p style=\"margin: 10px 0px; padding: 0px; color: rgb(68, 68, 68); font-family: Lato, Arial; font-size: 16px; background-color: rgb(243, 244, 246); text-align: justify;\">- Màu sắc kính đơn giản dễ dàng kết hợp với nhiều trang phục khác nhau.</p><p style=\"margin: 10px 0px; padding: 0px; color: rgb(68, 68, 68); font-family: Lato, Arial; font-size: 16px; background-color: rgb(243, 244, 246); text-align: justify;\">- Size kính: Độ rộng tròng 35 mm, chiều dài gọng 145 mm.</p><div><br></div>', '2022-04-06 17:49:15', '2022-04-06 17:49:15', 0),
(24, 2, 'Kính Mát Dolce & Gabbana Miami Sunglasses DG2257 Màu Xám Đen', 2980000, 1980000, 'assets/photos/kinh-mat-dolce-gabbana-miami-sunglasses-dg2257.jpg', '<p style=\"margin: 10px 0px; padding: 0px; color: rgb(68, 68, 68); font-family: Lato, Arial; font-size: 16px; background-color: rgb(243, 244, 246); text-align: justify;\">-<span style=\"margin: 0px; padding: 0px; font-weight: 700;\">&nbsp;Kính Mắt Dolce &amp; Gabbana Miami Sunglasses DG2257&nbsp;</span>có khả năng hỗ trợ loại bỏ ánh sáng chói, tăng độ chân thực của hình ảnh và tăng cường độ tương phản. Đồng thời, chiếc kính cao cấp này còn có khả năng hỗ trợ giảm căng thẳng cho mắt.</p><p style=\"margin: 10px 0px; padding: 0px; color: rgb(68, 68, 68); font-family: Lato, Arial; font-size: 16px; background-color: rgb(243, 244, 246); text-align: justify;\">- Hỗ trợ làm giảm tia UV, bảo vệ đôi mắt tránh khỏi những tác động xấu của ánh sáng mặt trời.</p><p style=\"margin: 10px 0px; padding: 0px; color: rgb(68, 68, 68); font-family: Lato, Arial; font-size: 16px; background-color: rgb(243, 244, 246); text-align: justify;\">- Form dáng thời trang hợp xu hướng. Gọng kính chắc chắn làm bằng chất nhựa và kim loại cao cấp.</p><p style=\"margin: 10px 0px; padding: 0px; color: rgb(68, 68, 68); font-family: Lato, Arial; font-size: 16px; background-color: rgb(243, 244, 246); text-align: justify;\">- Màu sắc kính đơn giản dễ dàng kết hợp với nhiều trang phục khác nhau.</p><p style=\"margin: 10px 0px; padding: 0px; color: rgb(68, 68, 68); font-family: Lato, Arial; font-size: 16px; background-color: rgb(243, 244, 246); text-align: justify;\">- Size kính: Độ rộng tròng 62 mm, cầu kính 13mm, chiều dài gọng 150 mm.</p>', '2022-04-06 17:52:16', '2022-04-06 17:52:16', 0),
(25, 2, 'Kính Mát Dolce & Gabbana Sunglasses DG 6149 32956H 56 Transparent Tobacco Màu Nâu', 1560000, 1200000, 'assets/photos/kinh-mat-dolce-gabbana-sunglasses-dg-6149-32956h.jpg', '<p style=\"margin: 10px 0px; padding: 0px; color: rgb(68, 68, 68); font-family: Lato, Arial; font-size: 16px; background-color: rgb(243, 244, 246); text-align: justify;\">-<span style=\"margin: 0px; padding: 0px; font-weight: 700;\">&nbsp;Kính Mắt Dolce &amp; Gabbana Sunglasses DG 6149 32956H 56 Transparent Tobacco&nbsp;</span>có khả năng hỗ trợ loại bỏ ánh sáng chói, tăng độ chân thực của hình ảnh và tăng cường độ tương phản. Đồng thời, chiếc kính cao cấp này còn có khả năng hỗ trợ giảm căng thẳng cho mắt.</p><p style=\"margin: 10px 0px; padding: 0px; color: rgb(68, 68, 68); font-family: Lato, Arial; font-size: 16px; background-color: rgb(243, 244, 246); text-align: justify;\">- Hỗ trợ làm giảm tia UV, bảo vệ đôi mắt tránh khỏi những tác động xấu của ánh sáng mặt trời.</p><p style=\"margin: 10px 0px; padding: 0px; color: rgb(68, 68, 68); font-family: Lato, Arial; font-size: 16px; background-color: rgb(243, 244, 246); text-align: justify;\">- Form dáng thời trang hợp xu hướng. Gọng kính chắc chắn làm bằng chất nhựa và kim loại cao cấp.</p><p style=\"margin: 10px 0px; padding: 0px; color: rgb(68, 68, 68); font-family: Lato, Arial; font-size: 16px; background-color: rgb(243, 244, 246); text-align: justify;\">- Màu sắc kính đơn giản dễ dàng kết hợp với nhiều trang phục khác nhau.</p><p style=\"margin: 10px 0px; padding: 0px; color: rgb(68, 68, 68); font-family: Lato, Arial; font-size: 16px; background-color: rgb(243, 244, 246); text-align: justify;\">- Size kính: Độ rộng tròng 56 mm, chiều cao tròng 40mm, cầu kính 18mm, chiều dài gọng 145 mm.</p>', '2022-04-06 17:01:18', '2022-04-06 17:01:18', 0),
(26, 2, 'Kính Mát Gentle Monster GW 001 02 (BK) Màu Đen', 1250000, 900000, 'assets/photos/kinh-mat-gentle-monster-gw-001-02.jpg', '<p style=\"margin: 10px 0px; padding: 0px; color: rgb(68, 68, 68); font-family: Lato, Arial; font-size: 16px; background-color: rgb(243, 244, 246); text-align: justify;\"><span style=\"margin: 0px; padding: 0px; font-size: 14pt;\"><span style=\"margin: 0px; padding: 0px; font-weight: 700;\">Đặc điểm nổi bật của kính mát&nbsp;Gentle Monster GW 001 02 (BK) Màu Đen</span></span></p><p style=\"margin: 10px 0px; padding: 0px; color: rgb(68, 68, 68); font-family: Lato, Arial; font-size: 16px; background-color: rgb(243, 244, 246); text-align: justify;\">Đẳng cấp và khác biệt, sang trọng và tao nhã – đây là những tính từ miêu tả chính xác về kính mắt thời trang cao cấp Gentle Monster GW 001 02 (BK), sản phẩm góp phần tô điểm cho bộ trang phục của bạn, khiến phong cách của bạn trở lên sành điệu, thời thượng và vô cùng bắt mắt.</p><p style=\"margin: 10px 0px; padding: 0px; color: rgb(68, 68, 68); font-family: Lato, Arial; font-size: 16px; background-color: rgb(243, 244, 246); text-align: justify;\">- Kính được làm từ chất liệu cao cấp, có khả năng hỗ trợ giảm chói, hỗ trợ bảo vệ tối đa cho đôi mắt khỏi khói bụi và tia UV.</p><p style=\"margin: 10px 0px; padding: 0px; color: rgb(68, 68, 68); font-family: Lato, Arial; font-size: 16px; background-color: rgb(243, 244, 246); text-align: justify;\">- Thiết kế hiện đại, phong cách trẻ trung năng động, dễ kết hợp với nhiều trang phục khác nhau.</p><p style=\"margin: 10px 0px; padding: 0px; color: rgb(68, 68, 68); font-family: Lato, Arial; font-size: 16px; background-color: rgb(243, 244, 246); text-align: justify;\">- Fom dáng thời trang, hợp xu hướng.</p><p style=\"margin: 10px 0px; padding: 0px; color: rgb(68, 68, 68); font-family: Lato, Arial; font-size: 16px; background-color: rgb(243, 244, 246); text-align: justify;\">- Gọng kính chắc chắn làm bằng chất liệu cao cấp.</p><p style=\"margin: 10px 0px; padding: 0px; color: rgb(68, 68, 68); font-family: Lato, Arial; font-size: 16px; background-color: rgb(243, 244, 246); text-align: justify;\">Đa phần các sản phẩm của Gentle Monster đều nổi tiếng nhờ vẻ ngoài tinh tế và hiện đại. Qua mỗi bộ sưu tập, Gentle Monster đã từng bước tạo nên sự đẳng cấp thương hiệu của mình. Gentle Monster hiện vẫn đang thu hút khách hàng từ nhiều nơi trên thế giới.</p>', '2022-04-06 17:42:19', '2022-04-06 17:42:19', 0),
(27, 2, 'Kính Mát Gentle Monster GW 002 03(BK) Màu Đen', 2540000, 1350000, 'assets/photos/kinh-mat-gentle-monster-gw-002-03.jpg', '<h2 style=\"margin: 10px; padding: 0px; font-size: 18pt; color: rgb(0, 0, 0); font-family: Lato, Arial; background-color: rgb(243, 244, 246); text-align: justify;\"><span style=\"margin: 0px; padding: 0px; font-size: 18pt;\"><span style=\"margin: 0px; padding: 0px; font-weight: 700;\">Đặc điểm nổi bật của kính mát Gentle Monster GW 002 03(BK) Màu Đen</span></span></h2><p style=\"margin: 10px 0px; padding: 0px; color: rgb(68, 68, 68); font-family: Lato, Arial; font-size: 16px; background-color: rgb(243, 244, 246); text-align: justify;\">Đẳng cấp và khác biệt, sang trọng và tao nhã – đây là những tính từ miêu tả chính xác&nbsp;về kính mắt thời trang cao cấp Gentle Monster GW 001 02, sản phẩm góp phần tô điểm cho bộ trang phục của bạn, khiến phong cách của bạn trở lên sành điệu, thời thượng và vô cùng bắt mắt.</p><p style=\"margin: 10px 0px; padding: 0px; color: rgb(68, 68, 68); font-family: Lato, Arial; font-size: 16px; background-color: rgb(243, 244, 246); text-align: justify;\">- Kính được làm từ chất liệu cao cấp, hỗ trợ làm giảm chói, hỗ trợ bảo vệ tối đa cho đôi mắt khỏi khói bụi và tia UV.</p><p style=\"margin: 10px 0px; padding: 0px; color: rgb(68, 68, 68); font-family: Lato, Arial; font-size: 16px; background-color: rgb(243, 244, 246); text-align: justify;\">- Thiết kế hiện đại, phong cách trẻ trung năng động, dễ kết hợp với nhiều trang phục khác nhau.</p><p style=\"margin: 10px 0px; padding: 0px; color: rgb(68, 68, 68); font-family: Lato, Arial; font-size: 16px; background-color: rgb(243, 244, 246); text-align: justify;\">- Fom dáng thời trang, hợp xu hướng.</p><p style=\"margin: 10px 0px; padding: 0px; color: rgb(68, 68, 68); font-family: Lato, Arial; font-size: 16px; background-color: rgb(243, 244, 246); text-align: justify;\">- Gọng kính chắc chắn làm bằng chất liệu cao cấp.</p>', '2022-04-06 17:11:21', '2022-04-06 17:11:21', 0),
(28, 2, 'Kính Mát Gentle Monster GW 004 01 Màu Đen', 3650000, 2650000, 'assets/photos/kinh-mat-gentle-monster-gw-004-01.jpg', '<p style=\"margin: 10px 0px; padding: 0px; color: rgb(68, 68, 68); font-family: Lato, Arial; font-size: 16px; background-color: rgb(243, 244, 246); text-align: justify;\"><span style=\"margin: 0px; padding: 0px; font-size: 14pt;\"><span style=\"margin: 0px; padding: 0px; font-weight: 700;\">Đặc điểm nổi bật của kính mát Gentle Monster GW 004 01 Màu Đen</span></span></p><p style=\"margin: 10px 0px; padding: 0px; color: rgb(68, 68, 68); font-family: Lato, Arial; font-size: 16px; background-color: rgb(243, 244, 246); text-align: justify;\">Đẳng cấp và khác biệt, sang trọng và tao nhã – đây là những tính từ miêu tả chính xác&nbsp;về kính mắt thời trang cao cấp Gentle Monster GW 001 02, sản phẩm góp phần tô điểm cho bộ trang phục của bạn, khiến phong cách của bạn trở lên sành điệu, thời thượng và vô cùng bắt mắt.</p><p style=\"margin: 10px 0px; padding: 0px; color: rgb(68, 68, 68); font-family: Lato, Arial; font-size: 16px; background-color: rgb(243, 244, 246); text-align: justify;\">- Kính được làm từ chất liệu cao cấp, hỗ trợ làm giảm chói do tia mặt trời, hỗ trợ bảo vệ tối đa cho đôi mắt khỏi khói bụi và tia UV.</p><p style=\"margin: 10px 0px; padding: 0px; color: rgb(68, 68, 68); font-family: Lato, Arial; font-size: 16px; background-color: rgb(243, 244, 246); text-align: justify;\">- Thiết kế hiện đại, phong cách trẻ trung năng động, dễ kết hợp với nhiều trang phục khác nhau.</p><p style=\"margin: 10px 0px; padding: 0px; color: rgb(68, 68, 68); font-family: Lato, Arial; font-size: 16px; background-color: rgb(243, 244, 246); text-align: justify;\">- Fom dáng thời trang, hợp xu hướng.</p><p style=\"margin: 10px 0px; padding: 0px; color: rgb(68, 68, 68); font-family: Lato, Arial; font-size: 16px; background-color: rgb(243, 244, 246); text-align: justify;\">- Gọng kính chắc chắn làm bằng chất liệu cao cấp.</p><p style=\"margin: 10px 0px; padding: 0px; color: rgb(68, 68, 68); font-family: Lato, Arial; font-size: 16px; background-color: rgb(243, 244, 246); text-align: justify;\">Đa phần các sản phẩm của Gentle Monster đều nổi tiếng nhờ vẻ ngoài tinh tế và hiện đại. Qua mỗi bộ sưu tập, Gentle Monster đã từng bước tạo nên sự đẳng cấp thương hiệu của mình. Gentle Monster hiện vẫn đang thu hút khách hàng từ nhiều nơi trên thế giới.</p>', '2022-04-06 17:07:23', '2022-04-06 17:07:23', 0),
(29, 2, 'Kính Mát Givenchy GV 7057/S Nude Sunglasses Màu Xám', 850000, 450000, 'assets/photos/kinh-mat-givenchy-gv-7057-s-nude-sunglasses.jpg', '<h2 style=\"margin: 10px; padding: 0px; font-size: 18pt; color: rgb(0, 0, 0); font-family: Lato, Arial; background-color: rgb(243, 244, 246);\"><span style=\"margin: 0px; padding: 0px; font-weight: 700;\">Mô tả Kính Mát Givenchy GV 7057/S Nude Sunglasses Màu Xám</span></h2><p style=\"margin: 10px 0px; padding: 0px; color: rgb(68, 68, 68); font-family: Lato, Arial; font-size: 16px; background-color: rgb(243, 244, 246);\"><span style=\"margin: 0px; padding: 0px; font-weight: 700;\">Kính Mát Givenchy GV 7057/S Nude Sunglasses</span>&nbsp;được thiết kế hiện đại, trẻ trung, form dáng kính thời trang, hợp xu hướng.</p><p style=\"margin: 10px 0px; padding: 0px; color: rgb(68, 68, 68); font-family: Lato, Arial; font-size: 16px; background-color: rgb(243, 244, 246);\">Size kính: Chiều dài khung 145mm,&nbsp; độ rộng Lens 58mm, cầu kính 17mm.</p><p style=\"margin: 10px 0px; padding: 0px; color: rgb(68, 68, 68); font-family: Lato, Arial; font-size: 16px; background-color: rgb(243, 244, 246);\">Gọng kính được làm bằng chất liệu kim loại cao cấp và thiết kế độc đáo, đem đến vẻ đẹp mới lạ cho người dùng.&nbsp;<span style=\"margin: 0px; padding: 0px; font-weight: 700;\">Givenchy GV 7057/S</span>&nbsp;là một trong những mẫu kính mát của Givenchy được nhiều tín đồ thời trang săn đón.</p>', '2022-04-06 17:04:24', '2022-04-06 17:04:24', 0),
(30, 2, 'Kính Mát Givenchy Nude Green Grey Aviator Unisex Sunglasses', 780000, 680000, 'assets/photos/kinh-mat-givenchy-nude-green-grey-aviator-unisex-sunglasses.jpg', '<p style=\"margin: 10px 0px; padding: 0px; color: rgb(68, 68, 68); font-family: Lato, Arial; font-size: 16px; background-color: rgb(243, 244, 246);\">Với mắt kính màu xanh lá cây xám, một vẻ đẹp rất \"tây\" cho người dùng. Khả năng hỗ trợ làm giảm tia cực tím, hỗ trợ bảo vệ đôi mắt tránh khỏi những tác động xấu của ánh sáng mặt trời. Gọng kính sang trọng làm bằng kim loại màu vàng, đơn giản nhưng lại rất \"manly\", đầy cá tính cho người mang nó.</p><p style=\"margin: 10px 0px; padding: 0px; color: rgb(68, 68, 68); font-family: Lato, Arial; font-size: 16px; background-color: rgb(243, 244, 246);\"><span style=\"margin: 0px; padding: 0px; font-weight: 700;\">Chi tiết sản phẩm</span></p><p style=\"margin: 10px 0px; padding: 0px; color: rgb(68, 68, 68); font-family: Lato, Arial; font-size: 16px; background-color: rgb(243, 244, 246);\">- Chiều rộng ống kính: 58 mm</p><p style=\"margin: 10px 0px; padding: 0px; color: rgb(68, 68, 68); font-family: Lato, Arial; font-size: 16px; background-color: rgb(243, 244, 246);\">- Cầu thấu kính: 17 mm</p><p style=\"margin: 10px 0px; padding: 0px; color: rgb(68, 68, 68); font-family: Lato, Arial; font-size: 16px; background-color: rgb(243, 244, 246);\">- Chiều dài kính: 145 mm.</p>', '2022-04-06 17:53:26', '2022-04-06 17:53:26', 0),
(31, 2, 'Kính Mát Gucci Grey Aviator Men\'s Sunglasses GG0528S 010 63 Màu Xám', 1000000, 900000, 'assets/photos/kinh-mat-gucci-grey-aviator-men-s-sunglasses-gg0528s-010.jpg', '<h2 style=\"margin: 10px; padding: 0px; font-size: 18pt; color: rgb(0, 0, 0); font-family: Lato, Arial; background-color: rgb(243, 244, 246); text-align: justify;\"><span style=\"margin: 0px; padding: 0px; font-weight: 700;\">Mô tả Kính Mát Gucci Grey Aviator Men\'s Sunglasses GG0528S 010 63 Màu Xám</span></h2><p style=\"margin: 10px 0px; padding: 0px; color: rgb(68, 68, 68); font-family: Lato, Arial; font-size: 16px; background-color: rgb(243, 244, 246); text-align: justify;\">- Kính được làm từ chất liệu cao cấp, có khả năng chống mờ, chống chói, bảo vệ tối đa cho đôi mắt khỏi khói bụi và tia UV.</p><p style=\"margin: 10px 0px; padding: 0px; color: rgb(68, 68, 68); font-family: Lato, Arial; font-size: 16px; background-color: rgb(243, 244, 246); text-align: justify;\">- Thiết kế hiện đại, phong cách trẻ trung năng động, dễ kết hợp với nhiều trang phục khác nhau.</p><p style=\"margin: 10px 0px; padding: 0px; color: rgb(68, 68, 68); font-family: Lato, Arial; font-size: 16px; background-color: rgb(243, 244, 246); text-align: justify;\">- Fom dáng thời trang, hợp xu hướng.</p><p style=\"margin: 10px 0px; padding: 0px; color: rgb(68, 68, 68); font-family: Lato, Arial; font-size: 16px; background-color: rgb(243, 244, 246); text-align: justify;\">- Gọng kính chắc chắn làm bằng chất liệu cao cấp.</p><p style=\"margin: 10px 0px; padding: 0px; color: rgb(68, 68, 68); font-family: Lato, Arial; font-size: 16px; background-color: rgb(243, 244, 246); text-align: justify;\">- Size kính: Chiều dài gọng 150mm, độ rộng Lens 63mm, cầu kính 14mm.</p>', '2022-04-06 17:15:37', '2022-04-06 17:15:37', 0),
(32, 2, 'Kính Mắt Gucci Sunglasses Black / Gold GG0200S 001', 450000, 400000, 'assets/photos/kinh-mat-gucci-sunglasses-black-gold-gg0200s-001.jpg', '<p style=\"margin: 10px 0px; padding: 0px; color: rgb(68, 68, 68); font-family: Lato, Arial; font-size: 16px; background-color: rgb(243, 244, 246);\">✪ ĐẶC ĐIỂM NỔI BẬT:</p><p style=\"margin: 10px 0px; padding: 0px; color: rgb(68, 68, 68); font-family: Lato, Arial; font-size: 16px; background-color: rgb(243, 244, 246);\">- Kính được làm từ chất liệu cao cấp, có khả năng hỗ trợ giảm chói, hỗ trợ&nbsp; bảo vệ tối đa cho đôi mắt khỏi khói bụi và tia UV.</p><p style=\"margin: 10px 0px; padding: 0px; color: rgb(68, 68, 68); font-family: Lato, Arial; font-size: 16px; background-color: rgb(243, 244, 246);\">- Thiết kế hiện đại, phong cách trẻ trung năng động, dễ kết hợp với nhiều trang phục khác nhau.</p><p style=\"margin: 10px 0px; padding: 0px; color: rgb(68, 68, 68); font-family: Lato, Arial; font-size: 16px; background-color: rgb(243, 244, 246);\">- Fom dáng thời trang, hợp xu hướng.</p><p style=\"margin: 10px 0px; padding: 0px; color: rgb(68, 68, 68); font-family: Lato, Arial; font-size: 16px; background-color: rgb(243, 244, 246);\">- Gọng kính chắc chắn làm bằng chất liệu cao cấp.</p><p style=\"margin: 10px 0px; padding: 0px; color: rgb(68, 68, 68); font-family: Lato, Arial; font-size: 16px; background-color: rgb(243, 244, 246);\">✪ MẪU MÃ:</p><p style=\"margin: 10px 0px; padding: 0px; color: rgb(68, 68, 68); font-family: Lato, Arial; font-size: 16px; background-color: rgb(243, 244, 246);\">- Đẹp &amp; Đa dạng, khách hàng dễ dàng chọn được sản phẩm ưng ý.</p><p style=\"margin: 10px 0px; padding: 0px; color: rgb(68, 68, 68); font-family: Lato, Arial; font-size: 16px; background-color: rgb(243, 244, 246);\">- Sản phẩm cao cấp thích hợp làm quà tặng đến người thân, bạn bè.</p><p style=\"margin: 10px 0px; padding: 0px; color: rgb(68, 68, 68); font-family: Lato, Arial; font-size: 16px; background-color: rgb(243, 244, 246);\">- Sản phẩm bền đẹp trong suốt quá trình sử dụng.</p>', '2022-04-06 17:19:38', '2022-04-06 17:19:38', 0),
(33, 2, 'Kính Mát Versace Grey Aviator Men\'s Sunglasses VE2193', 1500000, 1499999, 'assets/photos/kinh-mat-nam-versace-grey-aviator-men-s-sunglasses-ve2193-142887.jpg', '<h2 style=\"margin: 10px; padding: 0px; font-size: 18pt; color: rgb(0, 0, 0); font-family: Lato, Arial; background-color: rgb(243, 244, 246); text-align: justify;\"><span style=\"margin: 0px; padding: 0px; font-weight: 700;\">Mô tả&nbsp;</span>Kính Mát Versace Grey Aviator Men\'s Sunglasses VE2193</h2><p style=\"margin: 10px 0px; padding: 0px; color: rgb(68, 68, 68); font-family: Lato, Arial; font-size: 16px; background-color: rgb(243, 244, 246); text-align: justify;\">-<span style=\"margin: 0px; padding: 0px; font-weight: 700;\">&nbsp;Kính Mát Versace Grey Aviator Men\'s Sunglasses VE2193&nbsp;</span>có khả năng hỗ trợ loại bỏ ánh sáng chói, tăng độ chân thực của hình ảnh và tăng cường độ tương phản. Đồng thời, chiếc kính cao cấp này còn có khả năng hỗ trợ giảm căng thẳng cho mắt.</p><p style=\"margin: 10px 0px; padding: 0px; color: rgb(68, 68, 68); font-family: Lato, Arial; font-size: 16px; background-color: rgb(243, 244, 246); text-align: justify;\">- Hỗ trợ làm giảm tia UV, bảo vệ đôi mắt tránh khỏi những tác động xấu của ánh sáng mặt trời.</p>', '2022-04-06 17:42:39', '2022-04-06 17:42:39', 0),
(34, 2, 'Kính Mát Versace Medusina Pilot Sunglasses', 1999999, 999999, 'assets/photos/kinh-mat-versace-medusina-pilot-sunglasses.jpg', '<h2 style=\"margin: 10px; padding: 0px; font-size: 18pt; color: rgb(0, 0, 0); font-family: Lato, Arial; background-color: rgb(243, 244, 246); text-align: justify;\"><span style=\"margin: 0px; padding: 0px; font-weight: 700;\">Mô tả&nbsp;</span>Kính Mát&nbsp;<span style=\"margin: 0px; padding: 0px; font-weight: 700;\">Versace Medusina Pilot Sunglasses</span></h2><p style=\"margin: 10px 0px; padding: 0px; color: rgb(68, 68, 68); font-family: Lato, Arial; font-size: 16px; background-color: rgb(243, 244, 246); text-align: justify;\">-<span style=\"margin: 0px; padding: 0px; font-weight: 700;\">&nbsp;Kính Mát Versace Medusina Pilot Sunglasses&nbsp;</span>có khả năng hỗ trợ loại bỏ ánh sáng chói, tăng độ chân thực của hình ảnh và tăng cường độ tương phản. Đồng thời, chiếc kính cao cấp này còn có khả năng hỗ trợ giảm căng thẳng cho mắt.</p><p style=\"margin: 10px 0px; padding: 0px; color: rgb(68, 68, 68); font-family: Lato, Arial; font-size: 16px; background-color: rgb(243, 244, 246); text-align: justify;\">- Hỗ trợ làm giảm tia UV, bảo vệ đôi mắt tránh khỏi những tác động xấu của ánh sáng mặt trời.</p><p style=\"margin: 10px 0px; padding: 0px; color: rgb(68, 68, 68); font-family: Lato, Arial; font-size: 16px; background-color: rgb(243, 244, 246); text-align: justify;\">- Form dáng thời trang hợp xu hướng. Gọng kính chắc chắn làm bằng chất liệu kim loại cao cấp.</p><p style=\"margin: 10px 0px; padding: 0px; color: rgb(68, 68, 68); font-family: Lato, Arial; font-size: 16px; background-color: rgb(243, 244, 246); text-align: justify;\">- Màu sắc kính đơn giản dễ dàng kết hợp với nhiều trang phục khác nhau.</p><p style=\"margin: 10px 0px; padding: 0px; color: rgb(68, 68, 68); font-family: Lato, Arial; font-size: 16px; background-color: rgb(243, 244, 246); text-align: justify;\">- Size kính: Chiều dài gọng 140mm, độ rộng tròng 59mm.</p>', '2022-04-06 17:36:40', '2022-04-06 17:36:40', 0),
(35, 2, 'Kính Mát Versace Sunglasses Luke Evans VE 2213 (100287) Màu Đen', 3890000, 890000, 'assets/photos/kinh-mat-versace-sunglasses-luke-evans-ve-2213-100287.jpg', '<p style=\"margin: 10px 0px; padding: 0px; color: rgb(68, 68, 68); font-family: Lato, Arial; font-size: 16px; background-color: rgb(243, 244, 246);\"><span style=\"margin: 0px; padding: 0px; font-weight: 700;\">Kính Mát Versace Sunglasses Luke Evans VE 2213 (100287) Màu Đen</span>&nbsp;là sản phẩm được đông đảo khách hàng yêu thích. Kính mắt&nbsp;<a title=\"thời trang\" href=\"https://vuahanghieu.com/thoi-trang\" data-keyword-link=\"1031\" style=\"margin: 0px; padding: 0px; color: rgb(51, 102, 255) !important;\">thời trang</a>&nbsp;hiện đại, thu hút và hỗ trợ bảo vệ mắt cực kỳ ưu việt.</p><p style=\"margin: 10px 0px; padding: 0px; color: rgb(68, 68, 68); font-family: Lato, Arial; font-size: 16px; background-color: rgb(243, 244, 246);\">Đẳng cấp và khác biệt, sang trọng và tao nhã – đây là những tính từ miêu tả chính xác&nbsp;về kính mắt thời trang cao cấp Versace, sản phẩm góp phần tô điểm cho bộ trang phục của bạn, khiến phong cách của bạn trở lên sành điệu, thời thượng và vô cùng bắt mắt.</p><p style=\"margin: 10px 0px; padding: 0px; color: rgb(68, 68, 68); font-family: Lato, Arial; font-size: 16px; background-color: rgb(243, 244, 246);\">Size kính Versace Luke Evans VE 2213 (100287): Chiều dài khung bên cạnh 140mm, độ rộng Lens 57mm, Chiều cao Lens 50mm, khoảng cách 2 tròng kính 16mm.</p>', '2022-04-06 17:32:41', '2022-04-06 17:32:41', 0),
(36, 1, 'Kính Mát Gucci sunglasses GG-0539-S 004 Havana', 1200000, 200000, 'assets/photos/gucci sunglasses GG-0539-s 004 Havana.jpg', '<h2 style=\"margin: 10px; padding: 0px; font-size: 18pt; color: rgb(0, 0, 0); font-family: Lato, Arial; background-color: rgb(243, 244, 246); text-align: justify;\"><span style=\"margin: 0px; padding: 0px; font-weight: 700;\">Mô tả Kính Mát Gucci sunglasses GG-0539-S 004 Havana</span></h2><p style=\"margin: 10px 0px; padding: 0px; color: rgb(68, 68, 68); font-family: Lato, Arial; font-size: 16px; background-color: rgb(243, 244, 246); text-align: justify;\">-&nbsp;<span style=\"margin: 0px; padding: 0px; font-weight: 700;\"><a href=\"https://vuahanghieu.com/gucci/kinh-mat\" title=\"Kính Mát Gucci\" data-keyword-link=\"1019\" style=\"margin: 0px; padding: 0px; color: rgb(51, 102, 255) !important;\">Kính Mát Gucci</a>&nbsp;sunglasses GG-0539-S 004 Havana&nbsp;</span>được thiết kế hiện đại, mang phong cách trẻ trung năng động.</p><p style=\"margin: 10px 0px; padding: 0px; color: rgb(68, 68, 68); font-family: Lato, Arial; font-size: 16px; background-color: rgb(243, 244, 246); text-align: justify;\">- Fom dáng thời trang, hợp xu hướng.</p><p style=\"margin: 10px 0px; padding: 0px; color: rgb(68, 68, 68); font-family: Lato, Arial; font-size: 16px; background-color: rgb(243, 244, 246); text-align: justify;\">- Gọng kính chắc chắn làm bằng chất liệu nhựa cao cấp.</p><p style=\"margin: 10px 0px; padding: 0px; color: rgb(68, 68, 68); font-family: Lato, Arial; font-size: 16px; background-color: rgb(243, 244, 246); text-align: justify;\">- Kính hỗ trợ giảm bụi, chói bởi tác động của môi trường đối với mắt cực kỳ ưu việt.</p><p style=\"margin: 10px 0px; padding: 0px; color: rgb(68, 68, 68); font-family: Lato, Arial; font-size: 16px; background-color: rgb(243, 244, 246);\">- Size kính: Độ rộng tròng kính 52mm, cầu kính 23mm, chiều dài gọng kính 155mm.</p>', '2022-04-06 17:15:43', '2022-04-06 17:15:43', 0),
(37, 1, 'Kính Mắt Cận Gucci Eyewear rectangular-Frame Metal Glasses GG0396S', 500000, 400000, 'assets/photos/gucci-eyewear-rectangular-frame-metal-glasses-gg0396s.jpg', '<h2 style=\"margin: 10px; padding: 0px; font-size: 18pt; color: rgb(0, 0, 0); font-family: Lato, Arial; background-color: rgb(243, 244, 246); text-align: justify;\"><span style=\"margin: 0px; padding: 0px; font-weight: 700;\">Mô tả Kính Mắt Cận Gucci Eyewear rectangular-Frame Metal Glasses GG0396S</span></h2><p style=\"margin: 10px 0px; padding: 0px; color: rgb(68, 68, 68); font-family: Lato, Arial; font-size: 16px; background-color: rgb(243, 244, 246); text-align: justify;\"><span style=\"margin: 0px; padding: 0px; font-weight: 700;\">Kính Mắt Cận Gucci Eyewear rectangular-Frame Metal Glasses GG0396S</span><span style=\"margin: 0px; padding: 0px; font-weight: 700;\">&nbsp;</span>được thiết kế hiện đại, mang phong cách trẻ trung năng động. Fom dáng thời trang, hợp xu hướng.</p><p style=\"margin: 10px 0px; padding: 0px; color: rgb(68, 68, 68); font-family: Lato, Arial; font-size: 16px; background-color: rgb(243, 244, 246); text-align: justify;\">Gọng kính chắc chắn làm bằng chất liệu kim loại sáng bóng rất đẹp mắt.</p><p style=\"margin: 10px 0px; padding: 0px; color: rgb(68, 68, 68); font-family: Lato, Arial; font-size: 16px; background-color: rgb(243, 244, 246); text-align: justify;\">Size kính: Độ rộng tròng kính 55mm, cầu kính 18mm, chiều dài gọng kính 140mm.</p>', '2022-04-06 17:02:44', '2022-04-06 17:02:44', 0),
(38, 1, 'Kính Mát Gucci Sunglasses Seasonal Icon GG0808S-003', 1560000, 560000, 'assets/photos/gucci-sunglasses-seasonal.jpg', '<h2 style=\"margin: 10px; padding: 0px; font-size: 18pt; color: rgb(0, 0, 0); font-family: Lato, Arial; background-color: rgb(243, 244, 246); text-align: justify;\"><span style=\"margin: 0px; padding: 0px; font-weight: 700;\">Mô tả Kính Mát Gucci Sunglasses Seasonal Icon GG0808S-003</span></h2><p style=\"margin: 10px 0px; padding: 0px; color: rgb(68, 68, 68); font-family: Lato, Arial; font-size: 16px; background-color: rgb(243, 244, 246); text-align: justify;\"><span style=\"margin: 0px; padding: 0px; font-weight: 700;\">Kính Mát Gucci Sunglasses Seasonal Icon GG0808S-003&nbsp;</span>thiết kế hiện đại, mang phong cách trẻ trung năng động. Kính sở hữu gam màu đơn giản dễ kết hợp với nhiều trang phục khác nhau.</p><p style=\"margin: 10px 0px; padding: 0px; color: rgb(68, 68, 68); font-family: Lato, Arial; font-size: 16px; background-color: rgb(243, 244, 246); text-align: justify;\">Fom dáng thời trang, hợp xu hướng, gọng kính được làm bằng chất liệu nhựa cao cấp.</p><p style=\"margin: 10px 0px; padding: 0px; color: rgb(68, 68, 68); font-family: Lato, Arial; font-size: 16px; background-color: rgb(243, 244, 246); text-align: justify;\">Size kính: Chiều dài gọng 145mm, độ rộng Lens 53mm, cầu kính 20mm.</p><p style=\"margin: 10px 0px; padding: 0px; color: rgb(68, 68, 68); font-family: Lato, Arial; font-size: 16px; background-color: rgb(243, 244, 246); text-align: justify;\">Đẳng cấp và khác biệt, sang trọng và tao nhã – đây là những tính từ miêu tả chính xác nhất về kính mắt thời trang cao cấp Gucci, sản phẩm góp phần tô điểm cho bộ trang phục của bạn, khiến phong cách của bạn trở lên sành điệu, thời thượng và vô cùng bắt mắt<br></p>', '2022-04-06 17:57:44', '2022-04-06 17:57:44', 0),
(39, 1, 'Kính Mát Balenciaga DINASTY Black Sunglasses Featuring BB Gold Logo', 789000, 678000, 'assets/photos/ki-nh-ma-t-balenciaga-dinasty-black-sunglasses-featuring-bb-gold-.jpg', '<h2 style=\"margin: 10px; padding: 0px; font-size: 18pt; color: rgb(0, 0, 0); font-family: Lato, Arial; background-color: rgb(243, 244, 246); text-align: justify;\"><span style=\"margin: 0px; padding: 0px; font-weight: 700;\">Mô tả Kính mát Balenciaga DINASTY Black Sunglasses Featuring BB Gold Logo</span></h2><p style=\"margin: 10px 0px; padding: 0px; color: rgb(68, 68, 68); font-family: Lato, Arial; font-size: 16px; background-color: rgb(243, 244, 246);\">-<span style=\"margin: 0px; padding: 0px; font-weight: 700;\">&nbsp;Kính Mát Balenciaga DINASTY Black Sunglasses Featuring BB Gold Logo</span>&nbsp;có thiết kế mắt mèo trẻ trung tinh nghịch, phối màu cá tính, hợp thời trang giúp vẻ ngoài của bạn thêm phần thu hút và phong cách hơn mỗi khi đeo.</p><p style=\"margin: 10px 0px; padding: 0px; color: rgb(68, 68, 68); font-family: Lato, Arial; font-size: 16px; background-color: rgb(243, 244, 246);\">- Thiết kế vừa vặn với nhiều hình dáng gương mặt, khi đeo tạo sự hài hòa, cân đối giữa hai bên thái dương, mắt và sóng mũi.<br style=\"margin: 0px; padding: 0px;\"><br style=\"margin: 0px; padding: 0px;\">- Đệm mũi êm ái, tạo cảm giác dễ chịu khi đeo.</p><p style=\"margin: 10px 0px; padding: 0px; color: rgb(68, 68, 68); font-family: Lato, Arial; font-size: 16px; background-color: rgb(243, 244, 246);\">- Càng kính chắc chắn, không gây ra vết hằn khó chịu trên da.</p>', '2022-04-06 17:53:45', '2022-04-06 17:53:45', 0),
(40, 1, 'Kính Mát Balenciaga Dinasty D-Frame Sunglasses Black', 654000, 554000, 'assets/photos/ki-nh-ma-t-balenciaga-dinasty-d-frame-sunglasses-.jpg', '<h2 style=\"margin: 10px; padding: 0px; font-size: 18pt; color: rgb(0, 0, 0); font-family: Lato, Arial; background-color: rgb(243, 244, 246); text-align: justify;\"><span style=\"margin: 0px; padding: 0px; font-weight: 700;\">Mô tả Kính mát Balenciaga Dinasty D-Frame Sunglasses Black</span></h2><p style=\"margin: 10px 0px; padding: 0px; color: rgb(68, 68, 68); font-family: Lato, Arial; font-size: 16px; background-color: rgb(243, 244, 246);\">-<span style=\"margin: 0px; padding: 0px; font-weight: 700;\">&nbsp;Kính Mát Balenciaga Dinasty D-Frame Sunglasses Black</span>&nbsp;có thiết kế mắt mèo trẻ trung tinh nghịch, phối màu cá tính, hợp thời trang giúp vẻ ngoài của bạn thêm phần thu hút và phong cách hơn mỗi khi đeo.</p><p style=\"margin: 10px 0px; padding: 0px; color: rgb(68, 68, 68); font-family: Lato, Arial; font-size: 16px; background-color: rgb(243, 244, 246);\">- Thiết kế vừa vặn với nhiều hình dáng gương mặt, khi đeo tạo sự hài hòa, cân đối giữa hai bên thái dương, mắt và sóng mũi.<br style=\"margin: 0px; padding: 0px;\"><br style=\"margin: 0px; padding: 0px;\">- Đệm mũi êm ái, tạo cảm giác dễ chịu khi đeo.</p><p style=\"margin: 10px 0px; padding: 0px; color: rgb(68, 68, 68); font-family: Lato, Arial; font-size: 16px; background-color: rgb(243, 244, 246);\">- Càng kính chắc chắn, không gây ra vết hằn khó chịu trên da.</p>', '2022-04-06 17:47:46', '2022-04-06 17:47:46', 0),
(41, 1, 'Kính Mắt Cận Balenciaga BA5067 001', 189000, 180000, 'assets/photos/kinh-mat-can-balenciaga-ba5067.jpg', '<h2 style=\"margin: 10px; padding: 0px; font-size: 18pt; color: rgb(0, 0, 0); font-family: Lato, Arial; background-color: rgb(243, 244, 246); text-align: justify;\"><span style=\"margin: 0px; padding: 0px; font-weight: 700;\">Mô tả Kính Mắt Cận Balenciaga BA5067 001</span></h2><p style=\"margin: 10px 0px; padding: 0px; color: rgb(68, 68, 68); font-family: Lato, Arial; font-size: 16px; background-color: rgb(243, 244, 246);\">- Thiết kế hiện đại, trẻ trung.</p><p style=\"margin: 10px 0px; padding: 0px; color: rgb(68, 68, 68); font-family: Lato, Arial; font-size: 16px; background-color: rgb(243, 244, 246);\">- Form dáng thời trang, hợp xu hướng.</p><p style=\"margin: 10px 0px; padding: 0px; color: rgb(68, 68, 68); font-family: Lato, Arial; font-size: 16px; background-color: rgb(243, 244, 246);\">- Gọng kính làm bằng chất liệu cao cấp.</p><p style=\"margin: 10px 0px; padding: 0px; color: rgb(68, 68, 68); font-family: Lato, Arial; font-size: 16px; background-color: rgb(243, 244, 246);\">Hầu hết các sản phẩm của Balenciaga đều nổi tiếng nhờ vẻ ngoài tinh tế và hiện đại. Luôn cập nhật mẫu mới, phong phú, phù hợp với nhiều đối tượng khác nhau.</p>', '2022-04-06 17:29:47', '2022-04-06 17:29:47', 0),
(42, 1, 'Kính Mát Dior Color Quake 3 Gold/Silver', 8910000, 5000000, 'assets/photos/kinh-mat-christian-dior-color-quake-3-gold-silver-mirrored-sunglasses-yb7-t4.jpg', '<h2 style=\"margin: 10px; padding: 0px; font-size: 18pt; color: rgb(0, 0, 0); font-family: Lato, Arial; background-color: rgb(243, 244, 246);\"><span style=\"margin: 0px; padding: 0px; font-weight: 700;\">Mô tả Kính Mát Dior Color Quake 3 Gold/Silver</span></h2><p style=\"margin: 10px 0px; padding: 0px; color: rgb(68, 68, 68); font-family: Lato, Arial; font-size: 16px; background-color: rgb(243, 244, 246);\"><span style=\"margin: 0px; padding: 0px; font-weight: 700;\"><a href=\"https://vuahanghieu.com/dior/kinh-mat\" title=\"Kính Mát Dior\" data-keyword-link=\"586\" style=\"margin: 0px; padding: 0px; color: rgb(51, 102, 255) !important;\">Kính Mát Dior</a>&nbsp;Color Quake 3 Gold/Silver&nbsp;</span>được thiết kế hiện đại, trẻ trung với form dáng thời trang hợp xu hướng. Kính không chỉ mang đến vẻ đẹp thẩm mỹ mà còn có hỗ trợ giảm bụi, hỗ trợ giảm nắng và tia UV đối với mắt.</p><p style=\"margin: 10px 0px; padding: 0px; color: rgb(68, 68, 68); font-family: Lato, Arial; font-size: 16px; background-color: rgb(243, 244, 246);\">Size kính: Chiều dài khung 145mm.</p>', '2022-04-06 17:10:48', '2022-04-06 17:10:48', 0),
(43, 1, 'Kính Mát Christian Dior Dioramamini S Gold J5GDC 50mm', 650000, 600000, 'assets/photos/kinh-mat-christian-dior-dioramamini-s-gold.jpg', '<h2 style=\"margin: 10px; padding: 0px; font-size: 18pt; color: rgb(0, 0, 0); font-family: Lato, Arial; background-color: rgb(243, 244, 246);\"><span style=\"margin: 0px; padding: 0px; font-weight: 700;\">Mô tả Kính Mát Christian Dior Dioramamini S Gold J5GDC 50mm</span></h2><p style=\"margin: 10px 0px; padding: 0px; color: rgb(68, 68, 68); font-family: Lato, Arial; font-size: 16px; background-color: rgb(243, 244, 246);\"><span style=\"margin: 0px; padding: 0px; font-weight: 700;\">Kính Mát Christian Dior Dioramamini S Gold J5GDC 50mm&nbsp;</span>được thiết kế hiện đại, trẻ trung với form dáng thời trang hợp xu hướng. Kính không chỉ mang đến vẻ đẹp thẩm mỹ mà còn có hỗ trợ giảm bụi, hỗ trợ giảm nắng và tia UV đối với mắt.</p><p style=\"margin: 10px 0px; padding: 0px; color: rgb(68, 68, 68); font-family: Lato, Arial; font-size: 16px; background-color: rgb(243, 244, 246);\">Gọng kính được làm bằng chất liệu kim loại cao cấp.</p><p style=\"margin: 10px 0px; padding: 0px; color: rgb(68, 68, 68); font-family: Lato, Arial; font-size: 16px; background-color: rgb(243, 244, 246);\">Size kính: Chiều dài gọng: 150mm,&nbsp; độ rộng tròng: 50mm, chiều cao tròng: 46mm, cầu kính 19mm.</p>', '2022-04-06 17:45:48', '2022-04-06 17:45:48', 0),
(44, 1, 'Kính Mát Dior Clan 2 DDB/1I Polarized', 1500000, 900000, 'assets/photos/ki-nh-ma-t-dior-clan-2-ddb-1i-polarized.jpg', '<h2 style=\"margin: 10px; padding: 0px; font-size: 18pt; color: rgb(0, 0, 0); font-family: Lato, Arial; background-color: rgb(243, 244, 246);\"><span style=\"margin: 0px; padding: 0px; font-weight: 700;\">Mô tả Kính Mát Dior Clan 2 DDB/1I Polarized</span></h2><p style=\"margin: 10px 0px; padding: 0px; color: rgb(68, 68, 68); font-family: Lato, Arial; font-size: 16px; background-color: rgb(243, 244, 246);\"><span style=\"margin: 0px; padding: 0px; font-weight: 700;\"><a href=\"https://vuahanghieu.com/dior/kinh-mat\" title=\"Kính Mát Dior\" data-keyword-link=\"586\" style=\"margin: 0px; padding: 0px; color: rgb(51, 102, 255) !important;\">Kính Mát Dior</a>&nbsp;Clan 2 DDB/1I Polarized&nbsp;</span>được thiết kế hiện đại, trẻ trung với form dáng thời trang hợp xu hướng. Kính không chỉ mang đến vẻ đẹp thẩm mỹ mà còn có hỗ trợ giảm bụi, hỗ trợ giảm nắng và tia UV đối với mắt.</p><p style=\"margin: 10px 0px; padding: 0px; color: rgb(68, 68, 68); font-family: Lato, Arial; font-size: 16px; background-color: rgb(243, 244, 246);\">Gọng kính được làm bằng chất liệu kim loại cao cấp.</p><p style=\"margin: 10px 0px; padding: 0px; color: rgb(68, 68, 68); font-family: Lato, Arial; font-size: 16px; background-color: rgb(243, 244, 246);\">Size kính: Chiều dài khung 150mm,&nbsp; độ rộng Lens 61mm, cầu kính 15mm.</p>', '2022-04-06 17:36:49', '2022-04-06 17:36:49', 0),
(45, 1, 'Kính Mát Dior DiorStellaire1 Square-frame Sunglasses', 123000, 100000, 'assets/photos/kinh-mat-dior-diorstellaire1-square-frame-sunglasses.jpg', '<h2 style=\"margin: 10px; padding: 0px; font-size: 18pt; color: rgb(0, 0, 0); font-family: Lato, Arial; background-color: rgb(243, 244, 246);\"><span style=\"margin: 0px; padding: 0px; font-weight: 700;\">Mô tả Kính Mát Dior DiorStellaire1 Square-frame Sunglasses</span></h2><p style=\"margin: 10px 0px; padding: 0px; color: rgb(68, 68, 68); font-family: Lato, Arial; font-size: 16px; background-color: rgb(243, 244, 246);\"><span style=\"margin: 0px; padding: 0px; font-weight: 700;\">Kính Mát Dior DiorStellaire1 Square-frame Sunglasses&nbsp;</span>được thiết kế hiện đại, trẻ trung với form dáng thời trang hợp xu hướng. Kính không chỉ mang đến vẻ đẹp thẩm mỹ mà còn có hỗ trợ giảm bụi, hỗ trợ giảm nắng và tia UV đối với mắt.</p><p style=\"margin: 10px 0px; padding: 0px; color: rgb(68, 68, 68); font-family: Lato, Arial; font-size: 16px; background-color: rgb(243, 244, 246);\">Size kính: Chiều dài khung 145mm,&nbsp; độ rộng Lens 59mm, cầu kính 18mm.</p><div><br></div>', '2022-04-06 17:21:50', '2022-04-06 17:21:50', 0);
INSERT INTO `product` (`id`, `category_id`, `title`, `price`, `discount`, `thumbnail`, `description`, `created_at`, `updated_at`, `deleted`) VALUES
(46, 1, 'Kính Mát Dior Eyewear 30Montaigne Oversized-Frame Sunglasses', 4600000, 600000, 'assets/photos/kinh-mat-dior-eyewear-30montaigne-oversized-frame-sunglasses.jpg', '<h2 style=\"margin: 10px; padding: 0px; font-size: 18pt; color: rgb(0, 0, 0); font-family: Lato, Arial; background-color: rgb(243, 244, 246);\"><span style=\"margin: 0px; padding: 0px; font-weight: 700;\">Mô tả Kính Mát Dior Eyewear 30Montaigne Oversized-Frame Sunglasses</span></h2><p style=\"margin: 10px 0px; padding: 0px; color: rgb(68, 68, 68); font-family: Lato, Arial; font-size: 16px; background-color: rgb(243, 244, 246);\"><span style=\"margin: 0px; padding: 0px; font-weight: 700;\">Kính Mát Dior Eyewear 30Montaigne Oversized-Frame Sunglasses&nbsp;</span>được thiết kế hiện đại, trẻ trung với form dáng thời trang hợp xu hướng. Kính không chỉ mang đến vẻ đẹp thẩm mỹ mà còn có hỗ trợ giảm bụi, hỗ trợ giảm nắng và tia UV đối với mắt. Gọng kính được làm bằng chất liệu kim loại cao cấp</p><p style=\"margin: 10px 0px; padding: 0px; color: rgb(68, 68, 68); font-family: Lato, Arial; font-size: 16px; background-color: rgb(243, 244, 246);\">Size kính: Chiều dài khung 135mm,&nbsp; độ rộng Lens 58mm, cầu kính 15mm.</p><ul style=\"margin-right: 0px; margin-bottom: 0px; margin-left: 0px; padding: 0px 0px 0px 1.5em; list-style-position: initial; list-style-image: initial; color: rgb(68, 68, 68); font-family: Lato, Arial; font-size: 16px; background-color: rgb(243, 244, 246);\"><li style=\"margin: 0px; padding: 0px; text-align: left;\">Thấu kính gradient</li><li style=\"margin: 0px; padding: 0px; text-align: left;\">Tròng kính chống tia cực tím</li><li style=\"margin: 0px; padding: 0px; text-align: left;\">Logo CD chữ ký ở khung kính.</li></ul>', '2022-04-06 17:03:51', '2022-04-06 17:03:51', 0),
(47, 1, 'Kính Mát Dior Rose Gold Aviator Ladies Sunglasses DIORULTIME1 XWL 57', 3900000, 3000000, 'assets/photos/ki-nh-ma-t-dior-rose-gold-aviator-ladies-sunglasses-diorultime1-xwl.jpg', '<h2 style=\"margin: 10px; padding: 0px; font-size: 18pt; color: rgb(0, 0, 0); font-family: Lato, Arial; background-color: rgb(243, 244, 246);\"><span style=\"margin: 0px; padding: 0px; font-weight: 700;\">Mô tả Kính Dior Rose Gold Aviator Ladies Sunglasses DIORULTIME1 XWL 57</span></h2><p style=\"margin: 10px 0px; padding: 0px; color: rgb(68, 68, 68); font-family: Lato, Arial; font-size: 16px; background-color: rgb(243, 244, 246);\"><span style=\"margin: 0px; padding: 0px; font-weight: 700;\"><a href=\"https://vuahanghieu.com/dior/kinh-mat\" title=\"Kính Mát Dior\" data-keyword-link=\"586\" style=\"margin: 0px; padding: 0px; color: rgb(51, 102, 255) !important;\">Kính Mát Dior</a>&nbsp;Rose Gold Aviator Ladies Sunglasses DIORULTIME1 XWL 57&nbsp;</span>được thiết kế hiện đại, trẻ trung với form dáng thời trang hợp xu hướng. Kính không chỉ mang đến vẻ đẹp thẩm mỹ mà còn có hỗ trợ giảm bụi, hỗ trợ giảm nắng và tia UV đối với mắt.</p><p style=\"margin: 10px 0px; padding: 0px; color: rgb(68, 68, 68); font-family: Lato, Arial; font-size: 16px; background-color: rgb(243, 244, 246);\">Gọng kính được làm bằng chất liệu kim loại cao cấp.</p><p style=\"margin: 10px 0px; padding: 0px; color: rgb(68, 68, 68); font-family: Lato, Arial; font-size: 16px; background-color: rgb(243, 244, 246);\">Size kính: Chiều dài khung 145mm,&nbsp; độ rộng Lens 57mm, cầu kính 17mm.</p>', '2022-04-06 17:09:54', '2022-04-06 17:09:54', 0),
(48, 1, 'Kính Mát Dolce & Gabbana Advertising DG Pin Sunglasses Màu Hồng Gold', 5500000, 4000000, 'assets/photos/kinh-mat-dolce-gabbana-advertising-dg-pin-sunglasses.jpg', '<h2 style=\"margin: 10px; padding: 0px; font-size: 18pt; color: rgb(0, 0, 0); font-family: Lato, Arial; background-color: rgb(243, 244, 246); text-align: justify;\"><span style=\"margin: 0px; padding: 0px; font-weight: 700;\">Mô tả Kính Mát Dolce & Gabbana Advertising DG Pin Sunglasses Màu Hồng Gold</span></h2><p style=\"margin: 10px 0px; padding: 0px; color: rgb(68, 68, 68); font-family: Lato, Arial; font-size: 16px; background-color: rgb(243, 244, 246); text-align: justify;\">-<span style=\"margin: 0px; padding: 0px; font-weight: 700;\"> Kính Mát Dolce & Gabbana Advertising DG Pin Sunglasses Màu Hồng Gold </span>có khả năng hỗ trợ loại bỏ ánh sáng chói, tăng độ chân thực của hình ảnh và tăng cường độ tương phản. Đồng thời, chiếc kính cao cấp này còn có khả năng hỗ trợ giảm căng thẳng cho mắt.</p><p style=\"margin: 10px 0px; padding: 0px; color: rgb(68, 68, 68); font-family: Lato, Arial; font-size: 16px; background-color: rgb(243, 244, 246); text-align: justify;\">- Hỗ trợ làm giảm tia UV, bảo vệ đôi mắt tránh khỏi những tác động xấu của ánh sáng mặt trời.</p><p style=\"margin: 10px 0px; padding: 0px; color: rgb(68, 68, 68); font-family: Lato, Arial; font-size: 16px; background-color: rgb(243, 244, 246); text-align: justify;\">- Form dáng thời trang hợp xu hướng. Gọng kính chắc chắn làm bằng chất nhựa và kim loại cao cấp.</p><p style=\"margin: 10px 0px; padding: 0px; color: rgb(68, 68, 68); font-family: Lato, Arial; font-size: 16px; background-color: rgb(243, 244, 246); text-align: justify;\">- Màu sắc kính đơn giản dễ dàng kết hợp với nhiều trang phục khác nhau.</p><p style=\"margin: 10px 0px; padding: 0px; color: rgb(68, 68, 68); font-family: Lato, Arial; font-size: 16px; background-color: rgb(243, 244, 246); text-align: justify;\">- Size kính: Độ rộng tròng 59 mm, cầu kính 15mm, chiều dài gọng 145 mm.</p><div><br></div>', '2022-04-06 17:56:54', '2022-04-06 17:08:55', 0),
(49, 1, 'Kính Mát Dolce & Gabbana DG2231 Màu Đen Xám', 530000, 499000, 'assets/photos/kinh-mat-dolce-gabbana-dg2231.jpg', '<h2 style=\"margin: 10px; padding: 0px; font-size: 18pt; color: rgb(0, 0, 0); font-family: Lato, Arial; background-color: rgb(243, 244, 246); text-align: justify;\"><span style=\"margin: 0px; padding: 0px; font-weight: 700;\">Mô tả Kính Mát Dolce &amp; Gabbana DG2231 Màu Đen Xám</span></h2><p style=\"margin: 10px 0px; padding: 0px; color: rgb(68, 68, 68); font-family: Lato, Arial; font-size: 16px; background-color: rgb(243, 244, 246); text-align: justify;\">-<span style=\"margin: 0px; padding: 0px; font-weight: 700;\">&nbsp;Kính Mát Dolce &amp; Gabbana DG2231&nbsp;</span>có khả năng hỗ trợ loại bỏ ánh sáng chói, tăng độ chân thực của hình ảnh và tăng cường độ tương phản. Đồng thời, chiếc kính cao cấp này còn có khả năng hỗ trợ giảm căng thẳng cho mắt.</p><p style=\"margin: 10px 0px; padding: 0px; color: rgb(68, 68, 68); font-family: Lato, Arial; font-size: 16px; background-color: rgb(243, 244, 246); text-align: justify;\">- Hỗ trợ làm giảm tia UV, bảo vệ đôi mắt tránh khỏi những tác động xấu của ánh sáng mặt trời.</p><p style=\"margin: 10px 0px; padding: 0px; color: rgb(68, 68, 68); font-family: Lato, Arial; font-size: 16px; background-color: rgb(243, 244, 246); text-align: justify;\">- Form dáng thời trang hợp xu hướng. Gọng kính chắc chắn làm bằng chất liệu plastic, hợp kim titanium cao cấp.</p><p style=\"margin: 10px 0px; padding: 0px; color: rgb(68, 68, 68); font-family: Lato, Arial; font-size: 16px; background-color: rgb(243, 244, 246); text-align: justify;\">- Màu sắc kính đơn giản dễ dàng kết hợp với nhiều trang phục khác nhau.</p><p style=\"margin: 10px 0px; padding: 0px; color: rgb(68, 68, 68); font-family: Lato, Arial; font-size: 16px; background-color: rgb(243, 244, 246); text-align: justify;\">- Size kính: 59 mm x 5 mm x 140 mm.</p>', '2022-04-06 17:13:56', '2022-04-06 17:13:56', 0),
(50, 1, 'Kính Mát Dolce & Gabbana DG4364 32118G', 380000, 299000, 'assets/photos/kinh-ma-t-dolce-gabbana-dg4364-32118g.jpg', '<h2 style=\"margin: 10px; padding: 0px; font-size: 18pt; color: rgb(0, 0, 0); font-family: Lato, Arial; background-color: rgb(243, 244, 246); text-align: justify;\"><span style=\"margin: 0px; padding: 0px; font-weight: 700;\">Mô tả Kính Mát Dolce &amp; Gabbana DG4364 32118G</span></h2><p style=\"margin: 10px 0px; padding: 0px; color: rgb(68, 68, 68); font-family: Lato, Arial; font-size: 16px; background-color: rgb(243, 244, 246); text-align: justify;\">-<span style=\"margin: 0px; padding: 0px; font-weight: 700;\">&nbsp;<a href=\"https://vuahanghieu.com/dolce-gabbana/kinh-mat\" title=\"Kính mát Dolce &amp; Gabbana\" data-keyword-link=\"1013\" style=\"margin: 0px; padding: 0px; color: rgb(51, 102, 255) !important;\">Kính Mát Dolce &amp; Gabbana</a>&nbsp;DG4364 32118G&nbsp;</span>có khả năng hỗ trợ loại bỏ ánh sáng chói, tăng độ chân thực của hình ảnh và tăng cường độ tương phản. Đồng thời, chiếc kính cao cấp này còn có khả năng hỗ trợ giảm căng thẳng cho mắt.</p><p style=\"margin: 10px 0px; padding: 0px; color: rgb(68, 68, 68); font-family: Lato, Arial; font-size: 16px; background-color: rgb(243, 244, 246); text-align: justify;\">- Hỗ trợ làm giảm tia UV, bảo vệ đôi mắt tránh khỏi những tác động xấu của ánh sáng mặt trời.</p><p style=\"margin: 10px 0px; padding: 0px; color: rgb(68, 68, 68); font-family: Lato, Arial; font-size: 16px; background-color: rgb(243, 244, 246); text-align: justify;\">- Form dáng thời trang hợp xu hướng. Gọng kính chắc chắn làm bằng chất liệu kim loại cao cấp.</p><p style=\"margin: 10px 0px; padding: 0px; color: rgb(68, 68, 68); font-family: Lato, Arial; font-size: 16px; background-color: rgb(243, 244, 246); text-align: justify;\">- Màu sắc kính đơn giản dễ dàng kết hợp với nhiều trang phục khác nhau.</p><p style=\"margin: 10px 0px; padding: 0px; color: rgb(68, 68, 68); font-family: Lato, Arial; font-size: 16px; background-color: rgb(243, 244, 246); text-align: justify;\">- Size kính: Độ rộng tròng 54mm, cầu kính 19mm, Chiều dài gọng 140mm.</p>', '2022-04-06 17:50:56', '2022-04-06 17:50:56', 0),
(51, 1, 'Kính Mát Gucci GG0522S 002 55', 480000, 399000, 'assets/photos/kinh-mat-gucci-brown-cat-eye-ladies-sunglasses-gg0522s-002.jpg', '<h2 style=\"margin: 10px; padding: 0px; font-size: 18pt; color: rgb(0, 0, 0); font-family: Lato, Arial; background-color: rgb(243, 244, 246); text-align: justify;\"><span style=\"margin: 0px; padding: 0px; font-weight: 700;\">Mô tả Kính Mát Gucci GG0522S 002 55</span></h2><p style=\"margin: 10px 0px; padding: 0px; color: rgb(68, 68, 68); font-family: Lato, Arial; font-size: 16px; background-color: rgb(243, 244, 246); text-align: justify;\">-&nbsp;<span style=\"margin: 0px; padding: 0px; font-weight: 700;\">Kính Mát Gucci GG0522S 002 55&nbsp;</span>được thiết kế hiện đại, mang phong cách trẻ trung năng động.</p><p style=\"margin: 10px 0px; padding: 0px; color: rgb(68, 68, 68); font-family: Lato, Arial; font-size: 16px; background-color: rgb(243, 244, 246); text-align: justify;\">- Fom dáng thời trang, hợp xu hướng.</p><p style=\"margin: 10px 0px; padding: 0px; color: rgb(68, 68, 68); font-family: Lato, Arial; font-size: 16px; background-color: rgb(243, 244, 246); text-align: justify;\">- Gọng kính chắc chắn làm bằng chất liệu nhựa cao cấp.</p><p style=\"margin: 10px 0px; padding: 0px; color: rgb(68, 68, 68); font-family: Lato, Arial; font-size: 16px; background-color: rgb(243, 244, 246); text-align: justify;\">- Kính hỗ trợ giảm bụi, chói bởi tác động của môi trường đối với mắt cực kỳ ưu việt.</p><p style=\"margin: 10px 0px; padding: 0px; color: rgb(68, 68, 68); font-family: Lato, Arial; font-size: 16px; background-color: rgb(243, 244, 246);\">- Size kính: Độ rộng tròng kính 55mm, cầu kính 19mm, chiều dài gọng kính 140mm.</p>', '2022-04-06 17:33:57', '2022-04-06 17:33:57', 0),
(52, 1, 'Kính Gucci GG0597S 004', 720000, 599000, 'assets/photos/kinh-mat-gucci-gg0597s-004-lens-yellow.jpg', '<h2 style=\"margin: 10px; padding: 0px; font-size: 18pt; color: rgb(0, 0, 0); font-family: Lato, Arial; background-color: rgb(243, 244, 246); text-align: justify;\"><span style=\"margin: 0px; padding: 0px; font-weight: 700;\">Mô tả Kính Gucci GG0597S 004</span></h2><p style=\"margin: 10px 0px; padding: 0px; color: rgb(68, 68, 68); font-family: Lato, Arial; font-size: 16px; background-color: rgb(243, 244, 246); text-align: justify;\">- Kính được làm từ chất liệu cao cấp, có khả năng chống mờ, chống chói, bảo vệ tối đa cho đôi mắt khỏi khói bụi và tia UV.</p><p style=\"margin: 10px 0px; padding: 0px; color: rgb(68, 68, 68); font-family: Lato, Arial; font-size: 16px; background-color: rgb(243, 244, 246); text-align: justify;\">- Thiết kế hiện đại, phong cách trẻ trung năng động, dễ kết hợp với nhiều trang phục khác nhau.</p><p style=\"margin: 10px 0px; padding: 0px; color: rgb(68, 68, 68); font-family: Lato, Arial; font-size: 16px; background-color: rgb(243, 244, 246); text-align: justify;\">- Fom dáng thời trang, hợp xu hướng.</p><p style=\"margin: 10px 0px; padding: 0px; color: rgb(68, 68, 68); font-family: Lato, Arial; font-size: 16px; background-color: rgb(243, 244, 246); text-align: justify;\">- Gọng kính chắc chắn làm bằng chất liệu cao cấp.</p><p style=\"margin: 10px 0px; padding: 0px; color: rgb(68, 68, 68); font-family: Lato, Arial; font-size: 16px; background-color: rgb(243, 244, 246);\">- Kính thước kính: Độ rộng tròng mắt: 55 mm. cầu ống kính: 20mm, Chiều cao tròng: 39mm,Chiều dài gọng: 145mm.</p><p style=\"margin: 10px 0px; padding: 0px; color: rgb(68, 68, 68); font-family: Lato, Arial; font-size: 16px; background-color: rgb(243, 244, 246); text-align: justify;\"><span style=\"margin: 0px; padding: 0px; font-weight: 700;\">Mẫu mã kính Gucci</span></p><ul style=\"margin-right: 0px; margin-bottom: 0px; margin-left: 0px; padding: 0px 0px 0px 1.5em; list-style-position: initial; list-style-image: initial; color: rgb(68, 68, 68); font-family: Lato, Arial; font-size: 16px; background-color: rgb(243, 244, 246);\"><li style=\"margin: 0px; padding: 0px; text-align: justify;\">Đẹp &amp; Đa dạng, giúp khách hàng dễ dàng lựa chọn được sản phẩm ưng ý.</li><li style=\"margin: 0px; padding: 0px; text-align: justify;\">Sản phẩm cao cấp thích hợp làm quà tặng đến người thân, bạn bè.</li><li style=\"margin: 0px; padding: 0px; text-align: justify;\">Sản phẩm bền đẹp trong suốt quá trình sử dụng.</li></ul>', '2022-04-06 17:24:58', '2022-04-06 17:24:58', 0),
(53, 1, 'Kính Gucci Grey Gradient Oval Sunglasses', 9800000, 1000000, 'assets/photos/kinh-mat-gucci-grey-gradient-oval-sunglasses-gg0226s.jpg', '<h2 style=\"margin: 10px; padding: 0px; font-size: 18pt; color: rgb(0, 0, 0); font-family: Lato, Arial; background-color: rgb(243, 244, 246); text-align: justify;\"><span style=\"margin: 0px; padding: 0px; font-weight: 700;\">Mô tả Kính Gucci Grey Gradient Oval Sunglasses</span></h2><p style=\"margin: 10px 0px; padding: 0px; color: rgb(68, 68, 68); font-family: Lato, Arial; font-size: 16px; background-color: rgb(243, 244, 246); text-align: justify;\">- Kính được làm từ chất liệu cao cấp, có khả năng chống mờ, chống chói, bảo vệ tối đa cho đôi mắt khỏi khói bụi và tia UV.</p><p style=\"margin: 10px 0px; padding: 0px; color: rgb(68, 68, 68); font-family: Lato, Arial; font-size: 16px; background-color: rgb(243, 244, 246); text-align: justify;\">- Thiết kế hiện đại, phong cách trẻ trung năng động, dễ kết hợp với nhiều trang phục khác nhau.</p><p style=\"margin: 10px 0px; padding: 0px; color: rgb(68, 68, 68); font-family: Lato, Arial; font-size: 16px; background-color: rgb(243, 244, 246); text-align: justify;\">- Fom dáng thời trang, hợp xu hướng.</p><p style=\"margin: 10px 0px; padding: 0px; color: rgb(68, 68, 68); font-family: Lato, Arial; font-size: 16px; background-color: rgb(243, 244, 246); text-align: justify;\">- Gọng kính chắc chắn làm bằng chất liệu cao cấp.</p><p style=\"margin: 10px 0px; padding: 0px; color: rgb(68, 68, 68); font-family: Lato, Arial; font-size: 16px; background-color: rgb(243, 244, 246);\">- Kính thước kính: Độ rộng tròng mắt: 56 mm. cầu ống kính: 22mm, chiều dài gọng: 130mm.</p>', '2022-04-06 17:03:59', '2022-04-06 17:03:59', 0),
(54, 1, 'Kính Mát Dolce Gabbana 4340 Sunglasses', 999000, 899000, 'assets/photos/kinh-mat-nu-dolce-gabbana-sunglasses-women-sunglasses-4340-675-87.jpg', '<h2 style=\"margin: 10px; padding: 0px; font-size: 18pt; color: rgb(0, 0, 0); font-family: Lato, Arial; background-color: rgb(243, 244, 246); text-align: justify;\"><span style=\"margin: 0px; padding: 0px; font-weight: 700;\">Mô tả Kính Mát Dolce Gabbana 4340 Sunglasses</span></h2><p style=\"margin: 10px 0px; padding: 0px; color: rgb(68, 68, 68); font-family: Lato, Arial; font-size: 16px; background-color: rgb(243, 244, 246); text-align: justify;\">-<span style=\"margin: 0px; padding: 0px; font-weight: 700;\">&nbsp;Kính Mát Dolce Gabbana 4340 Sunglasses&nbsp;</span>có khả năng hỗ trợ loại bỏ ánh sáng chói, tăng độ chân thực của hình ảnh và tăng cường độ tương phản. Đồng thời, chiếc kính cao cấp này còn có khả năng hỗ trợ giảm căng thẳng cho mắt.</p><p style=\"margin: 10px 0px; padding: 0px; color: rgb(68, 68, 68); font-family: Lato, Arial; font-size: 16px; background-color: rgb(243, 244, 246); text-align: justify;\">- Hỗ trợ làm giảm tia UV, bảo vệ đôi mắt tránh khỏi những tác động xấu của ánh sáng mặt trời.</p><p style=\"margin: 10px 0px; padding: 0px; color: rgb(68, 68, 68); font-family: Lato, Arial; font-size: 16px; background-color: rgb(243, 244, 246); text-align: justify;\">- Form dáng thời trang hợp xu hướng. Gọng kính chắc chắn làm bằng chất liệu kim loại cao cấp.</p>', '2022-04-06 17:52:59', '2022-04-06 17:52:59', 0),
(55, 1, 'Kính Mát Versace 2182 1252/61 Sunglasses', 3990000, 2990000, 'assets/photos/kinh-mat-versace-2182-1252-61-sunglasses.jpg', '<h2 style=\"margin: 10px; padding: 0px; font-size: 18pt; color: rgb(0, 0, 0); font-family: Lato, Arial; background-color: rgb(243, 244, 246); text-align: justify;\"><b><span style=\"margin: 0px; padding: 0px;\">Mô tả&nbsp;</span>Kính Mát&nbsp;<span style=\"margin: 0px; padding: 0px;\">Versace 2182 1252/61 Sunglasses</span></b></h2><p style=\"margin: 10px 0px; padding: 0px; color: rgb(68, 68, 68); font-family: Lato, Arial; font-size: 16px; background-color: rgb(243, 244, 246); text-align: justify;\">-<span style=\"margin: 0px; padding: 0px; font-weight: 700;\">&nbsp;Kính Mát Versace 2182 1252/61 Sunglasses&nbsp;</span>có khả năng hỗ trợ loại bỏ ánh sáng chói, tăng độ chân thực của hình ảnh và tăng cường độ tương phản. Đồng thời, chiếc kính cao cấp này còn có khả năng hỗ trợ giảm căng thẳng cho mắt.</p>', '2022-04-06 18:01:01', '2022-04-06 18:01:01', 0),
(56, 21, 'Kính Dolce & Gabbana DG 3206 2804', 299000, 199000, 'assets/photos/kinh-mat-can-tre-em-dolce-gabbana-dg-3206-2804.jpg', '<h2 style=\"margin: 10px; padding: 0px; font-size: 18pt; color: rgb(0, 0, 0); font-family: Lato, Arial; background-color: rgb(243, 244, 246);\"><span style=\"margin: 0px; padding: 0px; font-weight: 700;\">Điểm nổi bật kính Dolce &amp; Gabbana DG 3206 2804</span></h2><p style=\"margin: 10px 0px; padding: 0px; color: rgb(68, 68, 68); font-family: Lato, Arial; font-size: 16px; background-color: rgb(243, 244, 246);\">- Thiết kế hiện đại, trẻ trung.<br style=\"margin: 0px; padding: 0px;\">- Form dáng thời trang, hợp xu hướng.<br style=\"margin: 0px; padding: 0px;\">- Gọng kính làm bằng chất liệu cao cấp.</p><p style=\"margin: 10px 0px; padding: 0px; color: rgb(68, 68, 68); font-family: Lato, Arial; font-size: 16px; background-color: rgb(243, 244, 246);\">Hầu hết các sản phẩm của Dolce &amp; Gabbana đều nổi tiếng nhờ vẻ ngoài tinh tế và hiện đại. Luôn cập nhật mẫu mới, phong phú, phù hợp với nhiều đối tượng khác nhau.</p>', '2022-04-06 18:49:01', '2022-04-06 18:49:01', 0),
(57, 21, 'Kính Mát Rayban Black Frame & Gray Gradient Lens RJ9538S 220/8G 50', 1500000, 500000, 'assets/photos/kinh-mat-rayban-black-frame-gray-gradient-lens-rj9538s-220-8g-50-round-kids-sunglasses.jpg', '<h2 style=\"margin: 10px; padding: 0px; font-size: 18pt; color: rgb(0, 0, 0); font-family: Lato, Arial; background-color: rgb(243, 244, 246);\"><span style=\"margin: 0px; padding: 0px; font-weight: 700;\">Mô tả Kính Mát Rayban Black Frame &amp; Gray Gradient Lens RJ9538S 220/8G 50</span></h2><p style=\"margin: 10px 0px; padding: 0px; color: rgb(68, 68, 68); font-family: Lato, Arial; font-size: 16px; background-color: rgb(243, 244, 246);\">-&nbsp;<span style=\"margin: 0px; padding: 0px; font-weight: 700;\"><a href=\"https://vuahanghieu.com/rayban/kinh-mat\" title=\"Kính Rayban\" data-keyword-link=\"665\" style=\"margin: 0px; padding: 0px; color: rgb(51, 102, 255) !important;\">Kính Rayban</a>&nbsp;Junior Aviator RJ9506S 271/11 50</span>&nbsp;có khả năng hỗ trợ loại bỏ ánh sáng chói, tăng độ chân thực của hình ảnh và tăng cường độ tương phản. Đồng thời, chiếc kính cao cấp này còn có khả năng hỗ trợ giảm căng thẳng cho mắt.</p><p style=\"margin: 10px 0px; padding: 0px; color: rgb(68, 68, 68); font-family: Lato, Arial; font-size: 16px; background-color: rgb(243, 244, 246);\">- Vẫn khả năng hỗ trợ làm giảm tia UV, hỗ trợ bảo vệ đôi mắt tránh khỏi những tác động xấu của ánh sáng mặt trời.</p><p style=\"margin: 10px 0px; padding: 0px; color: rgb(68, 68, 68); font-family: Lato, Arial; font-size: 16px; background-color: rgb(243, 244, 246);\">- Thiết kế vừa vặn với khuôn mặt của bé và mang lại cảm giác dễ chịu khi sử dụng. Form dáng thời trang hợp xu hướng. Gọng kính chắc chắn làm bằng chất liệu kim loại.</p><p style=\"margin: 10px 0px; padding: 0px; color: rgb(68, 68, 68); font-family: Lato, Arial; font-size: 16px; background-color: rgb(243, 244, 246);\">- Kính phù hợp với cả bé trai và bé gái.</p><p style=\"margin: 10px 0px; padding: 0px; color: rgb(68, 68, 68); font-family: Lato, Arial; font-size: 16px; background-color: rgb(243, 244, 246);\">- Màu sắc kính đơn giản dễ dàng kết hợp với nhiều trang phục khác nhau cho các bé có một sét đồ thời trang.</p>', '2022-04-06 18:34:02', '2022-04-06 18:34:02', 0),
(58, 21, 'Kính Mát RayBan Blaze Aviator Junior Blue Gradien Mirror RJ9548SN 212 / X0 54-11', 450000, 350000, 'assets/photos/kinh-mat-rayban-blaze-aviator-junior-blue-gradien-mirror-rj9548sn-212.jpg', '<h2 style=\"margin: 10px; padding: 0px; font-size: 18pt; color: rgb(0, 0, 0); font-family: Lato, Arial; background-color: rgb(243, 244, 246);\"><span style=\"margin: 0px; padding: 0px; font-weight: 700;\">Đặc điểm Kính Mát RayBan Blaze Aviator Junior Blue Gradien Mirror RJ9548SN 212 / X0 54-11</span></h2><p style=\"margin: 10px 0px; padding: 0px; color: rgb(68, 68, 68); font-family: Lato, Arial; font-size: 16px; background-color: rgb(243, 244, 246);\"><a href=\"https://vuahanghieu.com/kinh-mat-rayban-blaze-aviator-junior-blue-gradien-mirror-rj9548sn-212-x0-54-11-ph028826\" style=\"margin: 0px; padding: 0px; color: rgb(51, 102, 255) !important;\"><span style=\"margin: 0px; padding: 0px; font-weight: 700;\">Kính Mát RayBan Blaze Aviator Junior Blue Gradien Mirror RJ9548SN 212 / X0 54-11</span></a>&nbsp;có khả năng hỗ trợ loại bỏ ánh sáng chói, tăng độ chân thực của hình ảnh và tăng cường độ tương phản. Đồng thời, chiếc kính cao cấp này còn có khả năng hỗ trợ giảm căng thẳng cho mắt.</p>', '2022-04-06 18:16:03', '2022-04-06 18:16:03', 0),
(59, 21, 'Kính Rayban Brushed Silver Frame & Light Brown/Green', 999000, 888000, 'assets/photos/kinh-mat-rayban-brushed-silver-frame-light-brown-green-gradient-lens-rj9538s-269-2c-50.jpg', '<h2 style=\"margin: 10px; padding: 0px; font-size: 18pt; color: rgb(0, 0, 0); font-family: Lato, Arial; background-color: rgb(243, 244, 246); text-align: justify;\"><span style=\"margin: 0px; padding: 0px; font-weight: 700;\">Đặc điểm của Kính Rayban Brushed Silver Frame &amp; Light Brown/Green</span></h2><p style=\"margin: 10px 0px; padding: 0px; color: rgb(68, 68, 68); font-family: Lato, Arial; font-size: 16px; background-color: rgb(243, 244, 246); text-align: justify;\">-&nbsp;<span style=\"margin: 0px; padding: 0px; font-weight: 700;\">Rayban Brushed Silver Frame &amp; Light Brown/Green</span>&nbsp;có khả năng hỗ trợ loại bỏ ánh sáng chói, tăng độ chân thực của hình ảnh và tăng cường độ tương phản. Đồng thời, chiếc kính cao cấp này còn có khả năng hỗ trợ giảm căng thẳng cho mắt.</p><p style=\"margin: 10px 0px; padding: 0px; color: rgb(68, 68, 68); font-family: Lato, Arial; font-size: 16px; background-color: rgb(243, 244, 246); text-align: justify;\">- Vẫn khả năng hỗ trợ làm giảm tia UV, hỗ trợ bảo vệ đôi mắt tránh khỏi những tác động xấu của ánh sáng mặt trời.</p><p style=\"margin: 10px 0px; padding: 0px; color: rgb(68, 68, 68); font-family: Lato, Arial; font-size: 16px; background-color: rgb(243, 244, 246); text-align: justify;\">- Thiết kế vừa vặn với khuôn mặt của bé và mang lại cảm giác dễ chịu khi sử dụng. Form dáng thời trang hợp xu hướng. Gọng kính chắc chắn làm bằng chất liệu metal/plastic.</p><p style=\"margin: 10px 0px; padding: 0px; color: rgb(68, 68, 68); font-family: Lato, Arial; font-size: 16px; background-color: rgb(243, 244, 246); text-align: justify;\">- Kính phù hợp với cả bé trai và bé gái.</p><p style=\"margin: 10px 0px; padding: 0px; color: rgb(68, 68, 68); font-family: Lato, Arial; font-size: 16px; background-color: rgb(243, 244, 246); text-align: justify;\">- Màu sắc kính đơn giản dễ dàng kết hợp với nhiều trang phục khác nhau cho các bé có một sét đồ thời trang.</p>', '2022-04-06 18:05:04', '2022-04-06 18:05:04', 0),
(60, 21, 'Kính Rayban Junior Aviator RJ9506S 271/11 50', 1500000, 1000000, 'assets/photos/kinh-mat-rayban-junior-aviator-rj9506s-271-11-50-mau-xam.jpg', '<h2 style=\"margin: 10px; padding: 0px; font-size: 18pt; color: rgb(0, 0, 0); font-family: Lato, Arial; background-color: rgb(243, 244, 246);\"><span style=\"margin: 0px; padding: 0px; font-weight: 700;\">Đặc điểm của Kính Rayban Junior Aviator RJ9506S 271/11 50</span></h2><p style=\"margin: 10px 0px; padding: 0px; color: rgb(68, 68, 68); font-family: Lato, Arial; font-size: 16px; background-color: rgb(243, 244, 246);\">-&nbsp;<span style=\"margin: 0px; padding: 0px; font-weight: 700;\">Kính Rayban Junior Aviator RJ9506S 271/11 50</span>&nbsp;có khả năng hỗ trợ loại bỏ ánh sáng chói, tăng độ chân thực của hình ảnh và tăng cường độ tương phản. Đồng thời, chiếc kính cao cấp này còn có khả năng hỗ trợ giảm căng thẳng cho mắt.</p><p style=\"margin: 10px 0px; padding: 0px; color: rgb(68, 68, 68); font-family: Lato, Arial; font-size: 16px; background-color: rgb(243, 244, 246);\">- Vẫn khả năng hỗ trợ làm giảm tia UV, hỗ trợ bảo vệ đôi mắt tránh khỏi những tác động xấu của ánh sáng mặt trời.</p><p style=\"margin: 10px 0px; padding: 0px; color: rgb(68, 68, 68); font-family: Lato, Arial; font-size: 16px; background-color: rgb(243, 244, 246);\">- Thiết kế vừa vặn với khuôn mặt của bé và mang lại cảm giác dễ chịu khi sử dụng. Form dáng thời trang hợp xu hướng. Gọng kính chắc chắn làm bằng chất liệu kim loại.</p><p style=\"margin: 10px 0px; padding: 0px; color: rgb(68, 68, 68); font-family: Lato, Arial; font-size: 16px; background-color: rgb(243, 244, 246);\">- Kính phù hợp với cả bé trai và bé gái.</p><p style=\"margin: 10px 0px; padding: 0px; color: rgb(68, 68, 68); font-family: Lato, Arial; font-size: 16px; background-color: rgb(243, 244, 246);\">- Màu sắc kính đơn giản dễ dàng kết hợp với nhiều trang phục khác nhau cho các bé có một sét đồ thời trang.</p>', '2022-04-06 18:40:04', '2022-04-06 18:40:04', 0),
(61, 21, 'Kính Rayban Junior New Wayfarer Junior', 1500000, 500000, 'assets/photos/kinh-mat-rayban-junior-new-wayfarer-junior-rj9052s-100s6q.jpg', '<h2 style=\"margin: 10px; padding: 0px; font-size: 18pt; color: rgb(0, 0, 0); font-family: Lato, Arial; background-color: rgb(243, 244, 246); text-align: justify;\"><span style=\"margin: 0px; padding: 0px; font-weight: 700;\">Đặc điểm của Kính Rayban Junior New Wayfarer Junior</span></h2><p style=\"margin: 10px 0px; padding: 0px; color: rgb(68, 68, 68); font-family: Lato, Arial; font-size: 16px; background-color: rgb(243, 244, 246); text-align: justify;\">- Kính&nbsp;<span style=\"margin: 0px; padding: 0px; font-weight: 700;\">Rayban Junior New Wayfarer Junior&nbsp;</span>có khả năng hỗ trợ loại bỏ ánh sáng chói, tăng độ chân thực của hình ảnh và tăng cường độ tương phản. Đồng thời, chiếc kính cao cấp này còn có khả năng hỗ trợ giảm căng thẳng cho mắt.</p><p style=\"margin: 10px 0px; padding: 0px; color: rgb(68, 68, 68); font-family: Lato, Arial; font-size: 16px; background-color: rgb(243, 244, 246); text-align: justify;\">- Vẫn khả năng hỗ trợ làm giảm tia UV, hỗ trợ bảo vệ đôi mắt tránh khỏi những tác động xấu của ánh sáng mặt trời.</p><p style=\"margin: 10px 0px; padding: 0px; color: rgb(68, 68, 68); font-family: Lato, Arial; font-size: 16px; background-color: rgb(243, 244, 246); text-align: justify;\">- Thiết kế vừa vặn với khuôn mặt của bé và mang lại cảm giác dễ chịu khi sử dụng. Form dáng thời trang hợp xu hướng. Gọng kính chắc chắn làm bằng chất liệu nhựa cao cấp.</p><p style=\"margin: 10px 0px; padding: 0px; color: rgb(68, 68, 68); font-family: Lato, Arial; font-size: 16px; background-color: rgb(243, 244, 246); text-align: justify;\">- Kính phù hợp với cả bé trai và bé gái.</p><p style=\"margin: 10px 0px; padding: 0px; color: rgb(68, 68, 68); font-family: Lato, Arial; font-size: 16px; background-color: rgb(243, 244, 246); text-align: justify;\">- Màu sắc kính đơn giản dễ dàng kết hợp với nhiều trang phục khác nhau cho các bé có một sét đồ thời trang.</p>', '2022-04-06 18:20:05', '2022-04-06 18:20:05', 0),
(62, 21, 'Kính Mát Rayban Junior RJ 9060SF Sunglasses', 670000, 470000, 'assets/photos/kinh-mat-rayban-junior-rj-9060sf-sunglasses.jpg', '<h2 style=\"margin: 10px; padding: 0px; font-size: 18pt; color: rgb(0, 0, 0); font-family: Lato, Arial; background-color: rgb(243, 244, 246); text-align: justify;\"><span style=\"margin: 0px; padding: 0px; font-weight: 700;\">Điểm nổi bật Kính Mát Rayban Junior RJ 9060SF Sunglasses</span></h2><p style=\"margin: 10px 0px; padding: 0px; color: rgb(68, 68, 68); font-family: Lato, Arial; font-size: 16px; background-color: rgb(243, 244, 246); text-align: justify;\">- Kính Mát Rayban Junior RJ 9060SF Sunglasses Màu Xanh Blue có khả năng hỗ trợ loại bỏ ánh sáng chói, tăng độ chân thực của hình ảnh và tăng cường độ tương phản. Đồng thời, chiếc kính cao cấp này còn có khả năng hỗ trợ giảm căng thẳng cho mắt.</p><p style=\"margin: 10px 0px; padding: 0px; color: rgb(68, 68, 68); font-family: Lato, Arial; font-size: 16px; background-color: rgb(243, 244, 246); text-align: justify;\">- Vẫn khả năng hỗ trợ làm giảm tia UV, hỗ trợ bảo vệ đôi mắt tránh khỏi những tác động xấu của ánh sáng mặt trời.</p><p style=\"margin: 10px 0px; padding: 0px; color: rgb(68, 68, 68); font-family: Lato, Arial; font-size: 16px; background-color: rgb(243, 244, 246); text-align: justify;\">- Thiết kế vừa vặn với khuôn mặt của bé và mang lại cảm giác dễ chịu khi sử dụng. Form dáng thời trang hợp xu hướng. Gọng kính chắc chắn làm bằng chất liệu kim loại cao cấp.</p><p style=\"margin: 10px 0px; padding: 0px; color: rgb(68, 68, 68); font-family: Lato, Arial; font-size: 16px; background-color: rgb(243, 244, 246); text-align: justify;\">- Kính phù hợp với cả bé trai và bé gái.</p><p style=\"margin: 10px 0px; padding: 0px; color: rgb(68, 68, 68); font-family: Lato, Arial; font-size: 16px; background-color: rgb(243, 244, 246); text-align: justify;\">- Màu sắc kính đơn giản dễ dàng kết hợp với nhiều trang phục khác nhau cho các bé có một sét đồ thời trang.</p>', '2022-04-06 18:58:05', '2022-04-06 18:58:05', 0),
(63, 21, 'Kính Mát Rayban Junior RJ-9506-S - 249 / 4V Màu Xanh Tím', 680000, 580000, 'assets/photos/kinh-mat-rayban-junior-rj-9506-s-249-4v.jpg', '<h2 style=\"margin: 10px; padding: 0px; font-size: 18pt; color: rgb(0, 0, 0); font-family: Lato, Arial; background-color: rgb(243, 244, 246); text-align: justify;\"><span style=\"margin: 0px; padding: 0px; font-weight: 700;\">Điểm nổi bật kính Rayban Junior RJ-9506-S - 249 / 4V Màu Xanh Tím</span></h2><p style=\"margin: 10px 0px; padding: 0px; color: rgb(68, 68, 68); font-family: Lato, Arial; font-size: 16px; background-color: rgb(243, 244, 246); text-align: justify;\">- Kính Mát Rayban Junior RJ-9506-S - 249 / 4V Màu Xanh Tím có khả năng hỗ trợ loại bỏ ánh sáng chói, tăng độ chân thực của hình ảnh và tăng cường độ tương phản. Đồng thời, chiếc kính cao cấp này còn có khả năng hỗ trợ giảm căng thẳng cho mắt.</p><p style=\"margin: 10px 0px; padding: 0px; color: rgb(68, 68, 68); font-family: Lato, Arial; font-size: 16px; background-color: rgb(243, 244, 246); text-align: justify;\">- Vẫn khả năng hỗ trợ làm giảm tia UV, hỗ trợ bảo vệ đôi mắt tránh khỏi những tác động xấu của ánh sáng mặt trời.</p><p style=\"margin: 10px 0px; padding: 0px; color: rgb(68, 68, 68); font-family: Lato, Arial; font-size: 16px; background-color: rgb(243, 244, 246); text-align: justify;\">- Thiết kế vừa vặn với khuôn mặt của bé và mang lại cảm giác dễ chịu khi sử dụng. Form dáng thời trang hợp xu hướng. Gọng kính chắc chắn làm bằng chất liệu kim loại cao cấp.</p><p style=\"margin: 10px 0px; padding: 0px; color: rgb(68, 68, 68); font-family: Lato, Arial; font-size: 16px; background-color: rgb(243, 244, 246); text-align: justify;\">- Kính phù hợp với cả bé trai và bé gái.</p><p style=\"margin: 10px 0px; padding: 0px; color: rgb(68, 68, 68); font-family: Lato, Arial; font-size: 16px; background-color: rgb(243, 244, 246); text-align: justify;\">- Màu sắc kính đơn giản dễ dàng kết hợp với nhiều trang phục khác nhau cho các bé có một sét đồ thời trang.</p>', '2022-04-06 18:43:06', '2022-04-06 18:43:06', 0),
(64, 21, 'Kính Mát Rayban Junior RJ-9547-S - 200/13', 560000, 500000, 'assets/photos/kinh-mat-rayban-junior-rj-9547-s-200-13.jpg', '<h2 style=\"margin: 10px; padding: 0px; font-size: 18pt; color: rgb(0, 0, 0); font-family: Lato, Arial; background-color: rgb(243, 244, 246); text-align: justify;\"><span style=\"margin: 0px; padding: 0px; font-weight: 700;\">Điểm nổi bật kính Rayban Junior RJ-9547-S - 200/13</span></h2><p style=\"margin: 10px 0px; padding: 0px; color: rgb(68, 68, 68); font-family: Lato, Arial; font-size: 16px; background-color: rgb(243, 244, 246); text-align: justify;\">- Kính Mát Rayban Junior RJ-9547-S - 200/13 có khả năng hỗ trợ loại bỏ ánh sáng chói, tăng độ chân thực của hình ảnh và tăng cường độ tương phản. Đồng thời, chiếc kính cao cấp này còn có khả năng hỗ trợ giảm căng thẳng cho mắt.</p><p style=\"margin: 10px 0px; padding: 0px; color: rgb(68, 68, 68); font-family: Lato, Arial; font-size: 16px; background-color: rgb(243, 244, 246); text-align: justify;\">- Vẫn khả năng hỗ trợ làm giảm tia UV, hỗ trợ bảo vệ đôi mắt tránh khỏi những tác động xấu của ánh sáng mặt trời.</p><p style=\"margin: 10px 0px; padding: 0px; color: rgb(68, 68, 68); font-family: Lato, Arial; font-size: 16px; background-color: rgb(243, 244, 246); text-align: justify;\">- Thiết kế vừa vặn với khuôn mặt của bé và mang lại cảm giác dễ chịu khi sử dụng. Form dáng thời trang hợp xu hướng. Gọng kính chắc chắn làm bằng chất liệu kim loại cao cấp.</p><p style=\"margin: 10px 0px; padding: 0px; color: rgb(68, 68, 68); font-family: Lato, Arial; font-size: 16px; background-color: rgb(243, 244, 246); text-align: justify;\">- Kính phù hợp với cả bé trai và bé gái từ 6 đến 15 tuổi.</p><p style=\"margin: 10px 0px; padding: 0px; color: rgb(68, 68, 68); font-family: Lato, Arial; font-size: 16px; background-color: rgb(243, 244, 246); text-align: justify;\">- Màu sắc kính đơn giản dễ dàng kết hợp với nhiều trang phục khác nhau cho các bé có một sét đồ thời trang.</p>', '2022-04-06 18:23:07', '2022-04-06 18:23:07', 0),
(65, 21, 'Kính Rayban New Wayfarer Junior RJ9052S 703513', 1500000, 500000, 'assets/photos/kinh-mat-rayban-new-wayfarer-junior-rj9052s-703513.jpg', '<h2 style=\"margin: 10px; padding: 0px; font-size: 18pt; color: rgb(0, 0, 0); font-family: Lato, Arial; background-color: rgb(243, 244, 246);\"><span style=\"margin: 0px; padding: 0px; font-weight: 700;\">Đặc điểm của Kính&nbsp;Rayban New Wayfarer Junior RJ9052S 703513</span></h2><p style=\"margin: 10px 0px; padding: 0px; color: rgb(68, 68, 68); font-family: Lato, Arial; font-size: 16px; background-color: rgb(243, 244, 246);\">- Kính&nbsp;<span style=\"margin: 0px; padding: 0px; font-weight: 700;\">Rayban New Wayfarer Junior RJ9052S 703513&nbsp;</span>có khả năng hỗ trợ loại bỏ ánh sáng chói, tăng độ chân thực của hình ảnh và tăng cường độ tương phản. Đồng thời, chiếc kính cao cấp này còn có khả năng hỗ trợ giảm căng thẳng cho mắt.</p><p style=\"margin: 10px 0px; padding: 0px; color: rgb(68, 68, 68); font-family: Lato, Arial; font-size: 16px; background-color: rgb(243, 244, 246);\">- Vẫn khả năng hỗ trợ làm giảm tia UV, hỗ trợ bảo vệ đôi mắt tránh khỏi những tác động xấu của ánh sáng mặt trời.</p><p style=\"margin: 10px 0px; padding: 0px; color: rgb(68, 68, 68); font-family: Lato, Arial; font-size: 16px; background-color: rgb(243, 244, 246);\">- Thiết kế vừa vặn với khuôn mặt của bé và mang lại cảm giác dễ chịu khi sử dụng. Form dáng thời trang hợp xu hướng. Gọng kính chắc chắn làm bằng chất liệu kim loại.</p><p style=\"margin: 10px 0px; padding: 0px; color: rgb(68, 68, 68); font-family: Lato, Arial; font-size: 16px; background-color: rgb(243, 244, 246);\">- Kính phù hợp với cả bé trai và bé gái.</p><p style=\"margin: 10px 0px; padding: 0px; color: rgb(68, 68, 68); font-family: Lato, Arial; font-size: 16px; background-color: rgb(243, 244, 246);\">- Màu sắc kính đơn giản dễ dàng kết hợp với nhiều trang phục khác nhau cho các bé có một sét đồ thời trang.</p>', '2022-04-06 18:04:08', '2022-04-06 18:04:08', 0),
(66, 21, 'Kính Rayban RJ9052S 100/11', 750000, 450000, 'assets/photos/kinh-mat-rayban-rj9052s-100-11-mau-den.jpg', '<h2 style=\"margin: 10px; padding: 0px; font-size: 18pt; color: rgb(0, 0, 0); font-family: Lato, Arial; background-color: rgb(243, 244, 246);\"><span style=\"margin: 0px; padding: 0px; font-weight: 700;\">Đặc điểm của Kính Mát Rayban RJ9052S 100/11 Màu Đen</span></h2><p style=\"margin: 10px 0px; padding: 0px; color: rgb(68, 68, 68); font-family: Lato, Arial; font-size: 16px; background-color: rgb(243, 244, 246);\">- Kính&nbsp;<span style=\"margin: 0px; padding: 0px; font-weight: 700;\">Rayban RJ9052S 100/11</span>&nbsp;có khả năng hỗ trợ loại bỏ ánh sáng chói, tăng độ chân thực của hình ảnh và tăng cường độ tương phản. Đồng thời, chiếc kính cao cấp này còn có khả năng hỗ trợ giảm căng thẳng cho mắt.</p><p style=\"margin: 10px 0px; padding: 0px; color: rgb(68, 68, 68); font-family: Lato, Arial; font-size: 16px; background-color: rgb(243, 244, 246);\">- Vẫn khả năng hỗ trợ làm giảm tia UV, hỗ trợ bảo vệ đôi mắt tránh khỏi những tác động xấu của ánh sáng mặt trời.</p><p style=\"margin: 10px 0px; padding: 0px; color: rgb(68, 68, 68); font-family: Lato, Arial; font-size: 16px; background-color: rgb(243, 244, 246);\">- Thiết kế vừa vặn với khuôn mặt của bé và mang lại cảm giác dễ chịu khi sử dụng. Form dáng thời trang hợp xu hướng. Gọng kính chắc chắn làm bằng chất liệu nhựa cao cấp.</p><p style=\"margin: 10px 0px; padding: 0px; color: rgb(68, 68, 68); font-family: Lato, Arial; font-size: 16px; background-color: rgb(243, 244, 246);\">- Kính phù hợp với cả bé trai và bé gái.</p><p style=\"margin: 10px 0px; padding: 0px; color: rgb(68, 68, 68); font-family: Lato, Arial; font-size: 16px; background-color: rgb(243, 244, 246);\">- Màu sắc kính đơn giản dễ dàng kết hợp với nhiều trang phục khác nhau cho các bé có một sét đồ thời trang.</p>', '2022-04-06 18:51:08', '2022-04-06 18:51:08', 0),
(67, 21, 'Kính Rayban RJ 9052S 100X0 47', 790000, 690000, 'assets/photos/kinh-mat-rayban-rj-9052s-100x0-47-mau-xanh-tim.jpg', '<h2 style=\"margin: 10px; padding: 0px; font-size: 18pt; color: rgb(0, 0, 0); font-family: Lato, Arial; background-color: rgb(243, 244, 246);\"><span style=\"margin: 0px; padding: 0px; font-weight: 700;\">Đặc điểm của Kính Mát Rayban RJ 9052S 100X0 47 Màu Xanh Tím</span></h2><p style=\"margin: 10px 0px; padding: 0px; color: rgb(68, 68, 68); font-family: Lato, Arial; font-size: 16px; background-color: rgb(243, 244, 246);\">-&nbsp;<span style=\"margin: 0px; padding: 0px; font-weight: 700;\"><a href=\"https://vuahanghieu.com/rayban/kinh-mat\" title=\"Kính Rayban\" data-keyword-link=\"665\" style=\"margin: 0px; padding: 0px; color: rgb(51, 102, 255) !important;\">Kính Rayban</a>&nbsp;RJ 9052S 100X0 47</span>&nbsp;có khả năng hỗ trợ loại bỏ ánh sáng chói, tăng độ chân thực của hình ảnh và tăng cường độ tương phản. Đồng thời, chiếc kính cao cấp này còn có khả năng hỗ trợ giảm căng thẳng cho mắt.</p><p style=\"margin: 10px 0px; padding: 0px; color: rgb(68, 68, 68); font-family: Lato, Arial; font-size: 16px; background-color: rgb(243, 244, 246);\">- Vẫn khả năng hỗ trợ làm giảm tia UV, hỗ trợ bảo vệ đôi mắt tránh khỏi những tác động xấu của ánh sáng mặt trời.</p><p style=\"margin: 10px 0px; padding: 0px; color: rgb(68, 68, 68); font-family: Lato, Arial; font-size: 16px; background-color: rgb(243, 244, 246);\">- Thiết kế vừa vặn với khuôn mặt của bé và mang lại cảm giác dễ chịu khi sử dụng. Form dáng thời trang hợp xu hướng. Gọng kính chắc chắn làm bằng chất liệu nhựa cao cấp.</p><p style=\"margin: 10px 0px; padding: 0px; color: rgb(68, 68, 68); font-family: Lato, Arial; font-size: 16px; background-color: rgb(243, 244, 246);\">- Kính phù hợp với cả bé trai và bé gái.</p><p style=\"margin: 10px 0px; padding: 0px; color: rgb(68, 68, 68); font-family: Lato, Arial; font-size: 16px; background-color: rgb(243, 244, 246);\">- Màu sắc kính đơn giản dễ dàng kết hợp với nhiều trang phục khác nhau cho các bé có một sét đồ thời trang.</p>', '2022-04-06 18:49:09', '2022-04-06 18:49:09', 0),
(68, 21, 'Kính Rayban RJ 9067/SN 152/13 trẻ em màu nâu', 960000, 600000, 'assets/photos/kinh-mat-ray-ban-rj-9067-sn-152-13-mau-nau.jpg', '<h2 style=\"margin: 10px; padding: 0px; font-size: 18pt; color: rgb(0, 0, 0); font-family: Lato, Arial; background-color: rgb(243, 244, 246); text-align: justify;\"><span style=\"margin: 0px; padding: 0px; font-weight: 700;\">Đặc điểm của Rayban RJ 9067/SN 152/13 Màu Nâu</span></h2><p style=\"margin: 10px 0px; padding: 0px; color: rgb(68, 68, 68); font-family: Lato, Arial; font-size: 16px; background-color: rgb(243, 244, 246); text-align: justify;\"><a href=\"https://vuahanghieu.com/kinh-mat-ray-ban-rj-9067-sn-152-13-mau-nau-ph028827\" style=\"margin: 0px; padding: 0px; color: rgb(51, 102, 255) !important;\"><span style=\"margin: 0px; padding: 0px; font-weight: 700;\">Kính Rayban RJ 9067/SN 152/13 trẻ em màu nâu</span></a>&nbsp;có khả năng hỗ trợ loại bỏ ánh sáng chói, tăng độ chân thực của hình ảnh và tăng cường độ tương phản. Đồng thời, chiếc kính cao cấp này còn có khả năng hỗ trợ giảm căng thẳng cho mắt.</p>', '2022-04-06 18:32:10', '2022-04-06 18:32:10', 0),
(69, 21, 'Kính Mát Rayban RJ 9067SN 10071 53 Màu Xanh Green', 1500000, 1000000, 'assets/photos/kinh-mat-rayban-rj-9067sn-10071-53-mau-xanh-green.jpg', '<h2 style=\"margin: 10px; padding: 0px; font-size: 18pt; color: rgb(0, 0, 0); font-family: Lato, Arial; background-color: rgb(243, 244, 246); text-align: justify;\"><span style=\"margin: 0px; padding: 0px; font-weight: 700;\">Đặc điểm của Kính Mát Rayban RJ 9067SN 10071 53 Màu Xanh Green</span></h2><p style=\"margin: 10px 0px; padding: 0px; color: rgb(68, 68, 68); font-family: Lato, Arial; font-size: 16px; background-color: rgb(243, 244, 246); text-align: justify;\"><span style=\"margin: 0px; padding: 0px; font-weight: 700;\">- Kính Mát Rayban RJ 9067SN 10071 53 Màu Xanh Green&nbsp;</span>có khả năng hỗ trợ loại bỏ ánh sáng chói, tăng độ chân thực của hình ảnh và tăng cường độ tương phản. Đồng thời, chiếc kính cao cấp này còn có khả năng hỗ trợ giảm căng thẳng cho mắt.</p><p style=\"margin: 10px 0px; padding: 0px; color: rgb(68, 68, 68); font-family: Lato, Arial; font-size: 16px; background-color: rgb(243, 244, 246); text-align: justify;\">- Vẫn khả năng hỗ trợ làm giảm tia UV, hỗ trợ bảo vệ đôi mắt tránh khỏi những tác động xấu của ánh sáng mặt trời.</p><p style=\"margin: 10px 0px; padding: 0px; color: rgb(68, 68, 68); font-family: Lato, Arial; font-size: 16px; background-color: rgb(243, 244, 246); text-align: justify;\">- Thiết kế vừa vặn với khuôn mặt của bé và mang lại cảm giác dễ chịu khi sử dụng. Form dáng thời trang hợp xu hướng. Gọng kính chắc chắn làm bằng chất liệu metal/plastic.</p><p style=\"margin: 10px 0px; padding: 0px; color: rgb(68, 68, 68); font-family: Lato, Arial; font-size: 16px; background-color: rgb(243, 244, 246); text-align: justify;\">- Kính phù hợp với cả bé trai và bé gái.</p><p style=\"margin: 10px 0px; padding: 0px; color: rgb(68, 68, 68); font-family: Lato, Arial; font-size: 16px; background-color: rgb(243, 244, 246);\">- Màu sắc kính đơn giản dễ dàng kết hợp với nhiều trang phục khác nhau cho các bé có một sét đồ thời trang.</p>', '2022-04-06 18:14:11', '2022-04-06 18:14:11', 0),
(70, 21, 'Kính Mát Rayban RJ9506 264 IU 50 Màu Xanh Bạc', 1430000, 430000, 'assets/photos/kinh-mat-rayban-rj9506-264-iu-50.jpg', '<h2 style=\"margin: 10px; padding: 0px; font-size: 18pt; color: rgb(0, 0, 0); font-family: Lato, Arial; background-color: rgb(243, 244, 246); text-align: justify;\"><span style=\"margin: 0px; padding: 0px; font-weight: 700;\">Điểm nổi bật kính&nbsp;Rayban RJ9506 264 IU 50 Màu Xanh Bạc</span></h2><p style=\"margin: 10px 0px; padding: 0px; color: rgb(68, 68, 68); font-family: Lato, Arial; font-size: 16px; background-color: rgb(243, 244, 246); text-align: justify;\">- Kính Mát Rayban RJ9506 264 IU 50 Màu Xanh Bạc có khả năng hỗ trợ loại bỏ ánh sáng chói, tăng độ chân thực của hình ảnh và tăng cường độ tương phản. Đồng thời, chiếc kính cao cấp này còn có khả năng hỗ trợ giảm căng thẳng cho mắt.</p><p style=\"margin: 10px 0px; padding: 0px; color: rgb(68, 68, 68); font-family: Lato, Arial; font-size: 16px; background-color: rgb(243, 244, 246); text-align: justify;\">- Vẫn khả năng hỗ trợ làm giảm tia UV, hỗ trợ bảo vệ đôi mắt tránh khỏi những tác động xấu của ánh sáng mặt trời.</p><p style=\"margin: 10px 0px; padding: 0px; color: rgb(68, 68, 68); font-family: Lato, Arial; font-size: 16px; background-color: rgb(243, 244, 246); text-align: justify;\">- Thiết kế vừa vặn với khuôn mặt của bé và mang lại cảm giác dễ chịu khi sử dụng. Form dáng thời trang hợp xu hướng. Gọng kính chắc chắn làm bằng chất liệu kim loại cao cấp.</p><p style=\"margin: 10px 0px; padding: 0px; color: rgb(68, 68, 68); font-family: Lato, Arial; font-size: 16px; background-color: rgb(243, 244, 246); text-align: justify;\">- Kính phù hợp với cả bé trai và bé gái.</p><p style=\"margin: 10px 0px; padding: 0px; color: rgb(68, 68, 68); font-family: Lato, Arial; font-size: 16px; background-color: rgb(243, 244, 246); text-align: justify;\">- Màu sắc kính đơn giản dễ dàng kết hợp với nhiều trang phục khác nhau cho các bé có một sét đồ thời trang.</p>', '2022-04-06 18:53:11', '2022-04-06 18:53:11', 0),
(71, 21, 'Kính Rayban RJ 9506S 274V0 50', 1300000, 560000, 'assets/photos/kinh-rayban-rj-9506s-274v0-50-mau-cam.jpg', '<h2 style=\"margin: 10px; padding: 0px; font-size: 18pt; color: rgb(0, 0, 0); font-family: Lato, Arial; background-color: rgb(243, 244, 246); text-align: justify;\"><span style=\"margin: 0px; padding: 0px; font-weight: 700;\">Đặc điểm của Kính Rayban RJ 9506S 274V0 50</span></h2><p style=\"margin: 10px 0px; padding: 0px; color: rgb(68, 68, 68); font-family: Lato, Arial; font-size: 16px; background-color: rgb(243, 244, 246); text-align: justify;\"><span style=\"margin: 0px; padding: 0px; font-weight: 700;\">- Kính Rayban RJ 9506S 274V0 50&nbsp;</span>có khả năng hỗ trợ loại bỏ ánh sáng chói, tăng độ chân thực của hình ảnh và tăng cường độ tương phản. Đồng thời, chiếc kính cao cấp này còn có khả năng hỗ trợ giảm căng thẳng cho mắt.</p><p style=\"margin: 10px 0px; padding: 0px; color: rgb(68, 68, 68); font-family: Lato, Arial; font-size: 16px; background-color: rgb(243, 244, 246); text-align: justify;\">- Vẫn khả năng hỗ trợ làm giảm tia UV, hỗ trợ bảo vệ đôi mắt tránh khỏi những tác động xấu của ánh sáng mặt trời.</p><p style=\"margin: 10px 0px; padding: 0px; color: rgb(68, 68, 68); font-family: Lato, Arial; font-size: 16px; background-color: rgb(243, 244, 246); text-align: justify;\">- Thiết kế vừa vặn với khuôn mặt của bé và mang lại cảm giác dễ chịu khi sử dụng. Form dáng thời trang hợp xu hướng. Gọng kính chắc chắn làm bằng chất liệu kim loại.</p><p style=\"margin: 10px 0px; padding: 0px; color: rgb(68, 68, 68); font-family: Lato, Arial; font-size: 16px; background-color: rgb(243, 244, 246); text-align: justify;\">- Kính phù hợp với cả bé trai và bé gái.</p><p style=\"margin: 10px 0px; padding: 0px; color: rgb(68, 68, 68); font-family: Lato, Arial; font-size: 16px; background-color: rgb(243, 244, 246);\">- Màu sắc kính đơn giản dễ dàng kết hợp với nhiều trang phục khác nhau cho các bé có một sét đồ thời trang.</p><div><br></div>', '2022-04-06 18:31:12', '2022-04-06 18:31:12', 0);

-- --------------------------------------------------------

--
-- Cấu trúc bảng cho bảng `role`
--

CREATE TABLE `role` (
  `id` int(11) NOT NULL,
  `name` varchar(20) COLLATE utf8mb4_unicode_ci NOT NULL
) ENGINE=InnoDB DEFAULT CHARSET=utf8mb4 COLLATE=utf8mb4_unicode_ci;

--
-- Đang đổ dữ liệu cho bảng `role`
--

INSERT INTO `role` (`id`, `name`) VALUES
(1, 'Admin'),
(2, 'User');

-- --------------------------------------------------------

--
-- Cấu trúc bảng cho bảng `tokens`
--

CREATE TABLE `tokens` (
  `user_id` int(11) NOT NULL,
  `token` varchar(32) COLLATE utf8mb4_unicode_ci NOT NULL,
  `created_at` datetime DEFAULT NULL
) ENGINE=InnoDB DEFAULT CHARSET=utf8mb4 COLLATE=utf8mb4_unicode_ci;

--
-- Đang đổ dữ liệu cho bảng `tokens`
--

INSERT INTO `tokens` (`user_id`, `token`, `created_at`) VALUES
(1, '1d75df2b4487949c6ef02cffa8471dbd', '2022-04-06 18:21:04'),
(1, '367d31f75a091f0857ed98f026fb5b1f', '2022-04-07 04:50:12'),
(1, '644b15ea50a8ec2ca4cf3b015c6a7427', '2022-04-14 05:11:44'),
(1, '7b887b1e751b6839105033c9f7bdf48c', '2021-10-19 17:03:55'),
(1, 'df23ee1dbe9066c4b6cc97d029b2a7c3', '2022-04-28 04:53:46');

-- --------------------------------------------------------

--
-- Cấu trúc bảng cho bảng `user`
--

CREATE TABLE `user` (
  `id` int(11) NOT NULL,
  `fullname` varchar(50) COLLATE utf8mb4_unicode_ci DEFAULT NULL,
  `email` varchar(150) COLLATE utf8mb4_unicode_ci DEFAULT NULL,
  `phone_number` varchar(20) COLLATE utf8mb4_unicode_ci DEFAULT NULL,
  `address` varchar(200) COLLATE utf8mb4_unicode_ci DEFAULT NULL,
  `password` varchar(32) COLLATE utf8mb4_unicode_ci DEFAULT NULL,
  `role_id` int(11) DEFAULT NULL,
  `created_at` datetime DEFAULT NULL,
  `updated_at` datetime DEFAULT NULL,
  `deleted` int(11) DEFAULT NULL
) ENGINE=InnoDB DEFAULT CHARSET=utf8mb4 COLLATE=utf8mb4_unicode_ci;

--
-- Đang đổ dữ liệu cho bảng `user`
--

INSERT INTO `user` (`id`, `fullname`, `email`, `phone_number`, `address`, `password`, `role_id`, `created_at`, `updated_at`, `deleted`) VALUES
(1, 'Phạm Quốc Trình', 'trinhjerry0810@gmail.com', '31232313123', 'Ha Noi, Việt Nam', 'b4cbd48886a5331c5eb2fedadabe311c', 1, '2021-10-19 10:39:39', '2021-10-20 17:40:06', 0),
(2, 'Quốc Trình', 'trinhjerry01@gmail.com', '+84943552213', 'Hà Nội,Việt Nam', 'b4cbd48886a5331c5eb2fedadabe311c', 2, '2021-10-19 10:42:39', '2022-04-03 18:11:42', 0),
(3, 'ABC', 'Trinhjerry2004@gmail.com', '8153565814', '810 University Drive', 'b4cbd48886a5331c5eb2fedadabe311c', 2, '2021-10-20 17:16:11', '2021-10-20 17:53:15', 1),
(5, 'abv', 'sv.19103100132@uneti.edu.vn', '0914216862', 'Hà Nội', 'b4cbd48886a5331c5eb2fedadabe311c', 2, '2022-04-03 17:48:49', '2022-04-03 18:22:21', 1);

--
-- Chỉ mục cho các bảng đã đổ
--

--
-- Chỉ mục cho bảng `category`
--
ALTER TABLE `category`
  ADD PRIMARY KEY (`id`);

--
-- Chỉ mục cho bảng `feedback`
--
ALTER TABLE `feedback`
  ADD PRIMARY KEY (`id`);

--
-- Chỉ mục cho bảng `galery`
--
ALTER TABLE `galery`
  ADD PRIMARY KEY (`id`),
  ADD KEY `product_id` (`product_id`);

--
-- Chỉ mục cho bảng `orders`
--
ALTER TABLE `orders`
  ADD PRIMARY KEY (`id`),
  ADD KEY `user_id` (`user_id`);

--
-- Chỉ mục cho bảng `order_details`
--
ALTER TABLE `order_details`
  ADD PRIMARY KEY (`id`),
  ADD KEY `product_id` (`product_id`),
  ADD KEY `order_id` (`order_id`);

--
-- Chỉ mục cho bảng `product`
--
ALTER TABLE `product`
  ADD PRIMARY KEY (`id`),
  ADD KEY `category_id` (`category_id`);

--
-- Chỉ mục cho bảng `role`
--
ALTER TABLE `role`
  ADD PRIMARY KEY (`id`);

--
-- Chỉ mục cho bảng `tokens`
--
ALTER TABLE `tokens`
  ADD PRIMARY KEY (`user_id`,`token`);

--
-- Chỉ mục cho bảng `user`
--
ALTER TABLE `user`
  ADD PRIMARY KEY (`id`),
  ADD KEY `role_id` (`role_id`);

--
-- AUTO_INCREMENT cho các bảng đã đổ
--

--
-- AUTO_INCREMENT cho bảng `category`
--
ALTER TABLE `category`
  MODIFY `id` int(11) NOT NULL AUTO_INCREMENT, AUTO_INCREMENT=22;

--
-- AUTO_INCREMENT cho bảng `feedback`
--
ALTER TABLE `feedback`
  MODIFY `id` int(11) NOT NULL AUTO_INCREMENT, AUTO_INCREMENT=6;

--
-- AUTO_INCREMENT cho bảng `galery`
--
ALTER TABLE `galery`
  MODIFY `id` int(11) NOT NULL AUTO_INCREMENT;

--
-- AUTO_INCREMENT cho bảng `orders`
--
ALTER TABLE `orders`
  MODIFY `id` int(11) NOT NULL AUTO_INCREMENT, AUTO_INCREMENT=5;

--
-- AUTO_INCREMENT cho bảng `order_details`
--
ALTER TABLE `order_details`
  MODIFY `id` int(11) NOT NULL AUTO_INCREMENT, AUTO_INCREMENT=9;

--
-- AUTO_INCREMENT cho bảng `product`
--
ALTER TABLE `product`
  MODIFY `id` int(11) NOT NULL AUTO_INCREMENT, AUTO_INCREMENT=72;

--
-- AUTO_INCREMENT cho bảng `role`
--
ALTER TABLE `role`
  MODIFY `id` int(11) NOT NULL AUTO_INCREMENT, AUTO_INCREMENT=3;

--
-- AUTO_INCREMENT cho bảng `user`
--
ALTER TABLE `user`
  MODIFY `id` int(11) NOT NULL AUTO_INCREMENT, AUTO_INCREMENT=6;

--
-- Các ràng buộc cho các bảng đã đổ
--

--
-- Các ràng buộc cho bảng `galery`
--
ALTER TABLE `galery`
  ADD CONSTRAINT `galery_ibfk_1` FOREIGN KEY (`product_id`) REFERENCES `product` (`id`);

--
-- Các ràng buộc cho bảng `orders`
--
ALTER TABLE `orders`
  ADD CONSTRAINT `orders_ibfk_1` FOREIGN KEY (`user_id`) REFERENCES `user` (`id`);

--
-- Các ràng buộc cho bảng `order_details`
--
ALTER TABLE `order_details`
  ADD CONSTRAINT `order_details_ibfk_1` FOREIGN KEY (`product_id`) REFERENCES `product` (`id`),
  ADD CONSTRAINT `order_details_ibfk_2` FOREIGN KEY (`order_id`) REFERENCES `orders` (`id`);

--
-- Các ràng buộc cho bảng `product`
--
ALTER TABLE `product`
  ADD CONSTRAINT `product_ibfk_1` FOREIGN KEY (`category_id`) REFERENCES `category` (`id`);

--
-- Các ràng buộc cho bảng `user`
--
ALTER TABLE `user`
  ADD CONSTRAINT `user_ibfk_1` FOREIGN KEY (`role_id`) REFERENCES `role` (`id`);
COMMIT;

/*!40101 SET CHARACTER_SET_CLIENT=@OLD_CHARACTER_SET_CLIENT */;
/*!40101 SET CHARACTER_SET_RESULTS=@OLD_CHARACTER_SET_RESULTS */;
/*!40101 SET COLLATION_CONNECTION=@OLD_COLLATION_CONNECTION */;
